Name,Status,Price,Stars,Ratings,URL,UPC
"Samsung 55"" UN55MU6300F Power Board Fuse Issue BN44-00807A üì∫",Parts Only,$8.58 ,5,0,https://www.ebay.com/itm/Samsung-55-UN55MU6300F-Power-Board-Fuse-Issue-BN44-00807A/274398803470?epid=16007385101&hash=item3fe371760e:g:pjsAAOSwQo5e6Gb9,
 Samsung UN55J6200AFXZA Version US02 Power Supply BN44-00774A,Refurbished,$54.77 ,Wat,0,https://www.ebay.com/itm/Samsung-UN55J6200AFXZA-Version-US02-Power-Supply-BN44-00774A/122654062858?hash=item1c8ec0790a:g:ltYAAOSw~XhZlgXc,Does not apply
 Samsung UN55J6201A   Power Supply   BN44-00774A,Pre-Owned,$39.89 ,Wat,0,https://www.ebay.com/itm/Samsung-UN55J6201A-Power-Supply-BN44-00774A/353199027468?hash=item523c4d750c:g:BhgAAOSwTwxfWmUv,Does not apply
"311280001 Start Key (Fuse Key) For P1100, RY40104, RY40108 Home Improvement Hand",Brand New,$19.54 ,Wat,0,https://www.ebay.com/itm/311280001-Start-Key-Fuse-Key-For-P1100-RY40104-RY40108-Home-Improvement-Hand/153665059999?hash=item23c726bc9f:g:jYYAAOSwUeBdkd5f,does not apply
Samsung Power Supply LED Board¬†BN44-00807A UN55MU6290F - FOR PARTS NOT WORKING,Parts Only,$9.99 ,5,0,https://www.ebay.com/itm/Samsung-Power-Supply-LED-Board-BN44-00807A-UN55MU6290F-FOR-PARTS-NOT-WORKING/274493940484?epid=16007385101&hash=item3fe91d2304:g:bFUAAOSwO5lfVTwW,
SAMSUNG   POWER SUPPLY   BN44-00774A  REPAIR KIT,Brand New,$10.99 ,Wat,0,https://www.ebay.com/itm/SAMSUNG-POWER-SUPPLY-BN44-00774A-REPAIR-KIT/163464918654?hash=item260f44b67e:g:MSwAAOSwhzhcLWZb,Does not apply
New Original For Samsung L55H1_ESM power board PSLF141H06A BN44-00774A ,Brand New,$31.99 ,Wat,0,https://www.ebay.com/itm/New-Original-For-Samsung-L55H1-ESM-power-board-PSLF141H06A-BN44-00774A/202382053403?hash=item2f1ee9101b:g:ej4AAOSwWUtbWcMg,Does not apply
SAMSUNG BN44-00774A POWER SUPPLY BOARD FOR UN55H6203 AND OTHER MODELS,New (Other),$37.59 ,Pre,0,https://www.ebay.com/itm/SAMSUNG-BN44-00774A-POWER-SUPPLY-BOARD-FOR-UN55H6203-AND-OTHER-MODELS/114163373783?hash=item1a94aad6d7:g:Wc0AAOSwoTFegjAT,Does not apply
BN44-00774A POWER SUPPLY FOR UE55H6203AK UN55H6203AFXZA UN55J6200AFXZA and other,Refurbished,$42.99 ,Wat,0,https://www.ebay.com/itm/BN44-00774A-POWER-SUPPLY-FOR-UE55H6203AK-UN55H6203AFXZA-UN55J6200AFXZA-and-other/133482038083?hash=item1f14264343:g:6mwAAOSwgHxe-J~q,Does not apply
bn44-00774a powersupply,Pre-Owned,$40.00 ,Wat,0,https://www.ebay.com/itm/bn44-00774a-powersupply/183628974938?hash=item2ac123cb5a:g:XbUAAOSwlkpcNoeR,
"BN44-00774A, L55H1_ESM, PSLF141H06A, UN55H6203AF, UN55J6200AF, UN55H6153AF, POW",Pre-Owned,$47.99 ,Wat,0,https://www.ebay.com/itm/BN44-00774A-L55H1-ESM-PSLF141H06A-UN55H6203AF-UN55J6200AF-UN55H6153AF-POW/313133008260?hash=item48e82e8584:g:4UwAAOSw4dxeBraW,6.8925E+11
"BN44-00774A, PSLF141H06A Samsung Power Supply / LED Board",Pre-Owned,$45.00 ,4.5,0,https://www.ebay.com/itm/BN44-00774A-PSLF141H06A-Samsung-Power-Supply-LED-Board/273991691821?epid=27034360625&hash=item3fcb2d6e2d:g:PcQAAOSw1gddbcqm,
Samsung UN55KU6290F UN55MU6300F UN55JU6700F Power Supply Board BN44-00807A,Pre-Owned,$12.00 ,Wat,0,https://www.ebay.com/itm/Samsung-UN55KU6290F-UN55MU6300F-UN55JU6700F-Power-Supply-Board-BN44-00807A/293730839155?hash=item4463b8ea73:g:ZwcAAOSwxxFfW6Ax,
Samsung BN44-00807A Power Supply / LED Board,Pre-Owned,$19.99 ,5,0,https://www.ebay.com/itm/Samsung-BN44-00807A-Power-Supply-LED-Board/143553507925?epid=16007385101&hash=item216c74b255:g:aX0AAOSw-exeajT-,
Samsung BN44-00807A Power Supply Board L55S6_FHS,Pre-Owned,$20.00 ,Wat,0,https://www.ebay.com/itm/Samsung-BN44-00807A-Power-Supply-Board-L55S6-FHS/184421042848?hash=item2af059caa0:g:Sq4AAOSwkf5fR-Zy,
"Samsung UN55MU6300 Main Board & Power BN44-00807A, Speaker Etc. ",Parts Only,$20.00 ,Wat,0,https://www.ebay.com/itm/Samsung-UN55MU6300-Main-Board-Power-BN44-00807A-Speaker-Etc/303632815981?hash=item46b1ed176d:g:8akAAOSwgtVfG3gw,
SAMSUNG UN55JU650DF POWER SUPPLY BOARD BN44-00807A,Pre-Owned,$22.00 ,5,0,https://www.ebay.com/itm/SAMSUNG-UN55JU650DF-POWER-SUPPLY-BOARD-BN44-00807A/164383696012?epid=16007385101&hash=item264608248c:g:LwEAAOSwPeJfVrQp,Does not apply
Samsung UN55KU6290F UN55MU6300F Power Supply / LED Board BN44-00807A,Pre-Owned,$22.00 ,Wat,0,https://www.ebay.com/itm/Samsung-UN55KU6290F-UN55MU6300F-Power-Supply-LED-Board-BN44-00807A/193521573715?_trkparms=ispr%3D1&hash=item2d0ec8df53:g:H3gAAOSw6Gxe6U~g&enc=AQAFAAACYBaobrjLl8XobRIiIML1V4Imu%2Fn%2BzU5L90Z278x5ickkfKe2vUidqHRg3XM2X2xOVOq8xVuBc3tv%2Bmar%2B5xI6bONUjL42evuJTqQ48XvnGNX7sgXb7iIUhbcsPaMZnkAlVaeDjnxxcZfOCyjNW7ekPhbYPxcdsiwJXgD4PZwvQSss5JzyzVzhJrUgki8ZNMOg13qOB0jiAGquN%2FNqxSxSHBgHSFBJI7vzNfuRzgjPE67DAIvLFoVythThHMw%2FAA0WmrD0wgkEwCdZcnpN6pFBv7abAxJDO%2BAI0hcVKk60pVXQ308E3oH%2BEoQeUmvwU6sxulQQTUpgEByN4V5dRJDAiCA%2FjSee2MF%2FGRQ2Ih9OD8fc6YqtkvEgX%2FVlZdCnV1Am8v0ffpijwBpiGTOBj9jhNxyvY3uJPBWz%2FUQUETjmHxcl0YFntnQuEZa6j6GAVTys%2BlSmMjkJuLaQ9Ws0T39nERiS9CruD%2Fh0dYPGh3XTblHnjD%2BcFn%2FvX7%2FbZLJUBL2Zv0wdRaF6RNSzsE1q0RmOgbNro4KhFoyXfk60kk822qQMjm0csQAaoh4G8kfOH4NdIEhOmBJu5NgFfazOcgTPFcb%2Bf3DA6vtz4FJ%2BqP42Zi575DU2V27VUoe2wG14vF1at2HPzYSzVtZyeUXFSZvooTySUixqKtJadFoAxH1tRcN9IRh%2FKkIwxavs%2FpjCO7c3uBTZZRmclUUv3VAKM2SeuS00EDtCiUzU6SNgcNf2YUXbMW8TUhDK8Hz2hKwkjEhc%2F42ud5pLOhk6kqSMFJjmY6QqcHi5RTvweLOGo5l4pdE&checksum=193521573715b34f755ebc7d4d8796c055589f5a9e55,
SAMSUNG UN55MU630DF POWER SUPPLY BOARD BN44-00807A,Pre-Owned,$22.00 ,Wat,0,https://www.ebay.com/itm/SAMSUNG-UN55MU630DF-POWER-SUPPLY-BOARD-BN44-00807A/333553292841?hash=item4da9535629:g:1SsAAOSwZ91edYnj,
Samsung UN50JU6500FXZA UN50KU6300FXZA Power Supply / LED Board BN44-00807A,Brand New,$23.20 ,Tim,0,https://www.ebay.com/itm/Samsung-UN50JU6500FXZA-UN50KU6300FXZA-Power-Supply-LED-Board-BN44-00807A/383711596885?hash=item5956fe5155:g:6ZYAAOSwLHhfV6Qm,Does not apply
"Samsung UN55JU6700FXZA,UN48JU6500F BN44-00807A POWER SUPPLY BOARD 2A1C1",New (Other),$24.50 ,5,0,https://www.ebay.com/itm/Samsung-UN55JU6700FXZA-UN48JU6500F-BN44-00807A-POWER-SUPPLY-BOARD-2A1C1/283234827450?epid=16007385101&hash=item41f21c7cba:g:rQoAAOSwOuFb12B0,Does not apply
SAMSUNG UN55JU670 UN55JU650  UN50KU630 POWER  BN44-00807A,Pre-Owned,$24.95 ,Wat,0,https://www.ebay.com/itm/SAMSUNG-UN55JU670-UN55JU650-UN50KU630-POWER-BN44-00807A/123330360286?hash=item1cb70ff3de:g:EtgAAOSw2stbgHRo,
BN44-00807A TV Power Supply / LED Board UN55JS7500FXZA,Pre-Owned,$24.99 ,5,0,https://www.ebay.com/itm/BN44-00807A-TV-Power-Supply-LED-Board-UN55JS7500FXZA/124212654707?epid=16007385101&hash=item1ceba6b273:g:NxsAAOSwUQBe2VuE,
Samsung BN44-00807A Power Supply / LED Board,Pre-Owned,$24.99 ,Wat,0,https://www.ebay.com/itm/Samsung-BN44-00807A-Power-Supply-LED-Board/283493590083?hash=item420188e443:g:JxcAAOSwVBhc5f0S,
SAMSUNG UN55MU6490F POWER BOARD BN44-00807A,Pre-Owned,$24.99 ,Wat,0,https://www.ebay.com/itm/SAMSUNG-UN55MU6490F-POWER-BOARD-BN44-00807A/193653516558?hash=item2d16a6290e:g:gsUAAOSwnzNfVwvF,
Samsung Power Supply Board BN44-00807A for UN55KU6290FXZA,Pre-Owned,$25.00 ,5,0,https://www.ebay.com/itm/Samsung-Power-Supply-Board-BN44-00807A-for-UN55KU6290FXZA/283876254541?epid=16007385101&hash=item421857e34d:g:5G8AAOSwWNReuxJR,Does not apply
SAMSUNG TV  BN44-00807A  Power Supply Board L55S6_FHS,Pre-Owned,$26.00 ,5,0,https://www.ebay.com/itm/SAMSUNG-TV-BN44-00807A-Power-Supply-Board-L55S6-FHS/114346634371?epid=16007385101&hash=item1a9f972c83:g:OQwAAOSwkNNfLxhj,Does not apply
Samsung BN44-00807A Power Supply FOR UN55JS7000FXZA EH01 / UE48JU6580UXZG,Pre-Owned,$27.77 ,Wat,0,https://www.ebay.com/itm/Samsung-BN44-00807A-Power-Supply-FOR-UN55JS7000FXZA-EH01-UE48JU6580UXZG/143686886406?hash=item217467e406:g:18EAAOSwaU1fTiFV,
SAMSUNG UN55KU6600F POWER BOARD BN44-00807A,Pre-Owned,$27.98 ,Wat,0,https://www.ebay.com/itm/SAMSUNG-UN55KU6600F-POWER-BOARD-BN44-00807A/143705232743?hash=item21757fd567:g:nwQAAOSw48tfSETw,
SAMSUNG UN55KU6600F POWER BOARD BN44-00807A,Pre-Owned,$27.99 ,Pre,0,https://www.ebay.com/itm/SAMSUNG-UN55KU6600F-POWER-BOARD-BN44-00807A/392597884867?hash=item5b68a84fc3:g:wzUAAOSwtxVd~NpC,
"SAMSUNG 50"" UN50JU6500FXZA IH01 BN44-00807A Power Supply Board Unit",Pre-Owned,$28.97 ,Wat,0,https://www.ebay.com/itm/SAMSUNG-50-UN50JU6500FXZA-IH01-BN44-00807A-Power-Supply-Board-Unit/362438109228?epid=3014017982&hash=item5462fea82c:g:APYAAOSwYNRcv1Xh,6.37776E+11
BN44-00807A Power Supply / LED Board BN44-00807A,New (Other),$29.95 ,5,0,https://www.ebay.com/itm/BN44-00807A-Power-Supply-LED-Board-BN44-00807A/163609002404?epid=16007385101&hash=item2617db41a4:g:UXcAAOSwDKBck-cx,
GATEWAY GTW-R56M103 POWER SUPPLY [BN44-00774A;L55H1_ESM;PSLF141H06A],Pre-Owned,$20.00 ,Wat,0,https://www.ebay.com/itm/GATEWAY-GTW-R56M103-POWER-SUPPLY-BN44-00774A-L55H1-ESM-PSLF141H06A/182258408735?_trkparms=ispr%3D1&hash=item2a6f729d1f:g:NlUAAOSwdzVXwcCJ&enc=AQAFAAACYBaobrjLl8XobRIiIML1V4Imu%2Fn%2BzU5L90Z278x5ickk8Fd9si%2FIbtWQr%2BhnlRwjDe09LeSaLe12pWo3fQUL6bx%2BqZc4Q1qyT4hUSSN4U9%2F0D5ceO1HorE8Cv%2F7fQ%2Ffv%2FeklKlNIBSF1LVcvip3uuvv9TJcnrXoWgXU7Uebz1FJ83yO51o%2BdIlmigFC2vKctz9vUq9siw%2B6i%2Bamo6BFtpJsZa7Ps9%2FhPRcyc0eXQPjKGR1pvB2v4CgeQsJba0aVD84h%2Bgd9nXM1yueXAH02mMrStiFQkRkV16o2iUsPtJF%2Bor7n%2FQTBG%2B4Ip1HpmUk3K7aOzZ66gqAtb2a09EfpqlqzKHd4XObvrr4w3p6IOVN1bcVODJDPuhFQFP6wX1m4jIZ2bkCt2nsoOBQ6EInpXykO0OrS3EhUf87DLIcJ9jsyvfWV3s8ztXxAVM2mVTVFFeXaw3xfcVEB8%2FrHT17W57t6mIhBHusR1diFw10bKoeGJv3hepU9KFZMsxfoQci7LQKQ27nJhwrfGsT%2BQX73%2B799mMj7aVvYJ0D65YA4Kj7bDGHlgkcN2etYSfvt30DSdrm34QK%2Fdw6lWeh%2BVrrYobmGAIU2HOYUASQClfjUs3%2FsEU%2FTqLiSrSGQOUBli0olOYK7YWU4WWbA6CVb%2B19ztXZdpPNpE%2BLB7z3rKnJbpB2kvCQ3N7HkTsb0O7yeh01Gk%2Fclaf8fjMGZUM9bQcETKmLvcFBUCPSlDqOJR%2FOQO18m5xIUy%2FBTXZsqBV%2FgZYOgWA5VOYuVpj8sptkrtlzpMbHBM9Tynb9%2BCOYCipATdidoo&checksum=1822584087352fc0e881d93f4645b81ed5cb9d89852d,
SAMSUNG UN55JU6500F POWER BOARD  BN44-00807A,Pre-Owned,$29.99 ,Wat,0,https://www.ebay.com/itm/SAMSUNG-UN55JU6500F-POWER-BOARD-BN44-00807A/383612333027?hash=item595113abe3:g:P0MAAOSwkcVe-z3M,
HOMELITE RYOBI 311280001 Genuine Key Assy  090928 Replaces Also Used ON RIDG...,Brand New,$10.58 ,Wat,0,https://www.ebay.com/itm/HOMELITE-RYOBI-311280001-Genuine-Key-Assy-090928-Replaces-Also-Used-ON-RIDG/174037417006?hash=item2885703c2e:g:SwkAAOSwZrtcYvvW,Does not apply
Homelite/Ryobi 308054043 Carburetor,Brand New,$33.67 ,Wat,0,https://www.ebay.com/itm/Homelite-Ryobi-308054043-Carburetor/254579696325?hash=item3b4621e2c5:g:u8AAAOSwRO9fTTHL,7.0466E+11
SAMSUNG UN55JU670DF POWER BOARD BN44-00807A,Pre-Owned,$29.99 ,Wat,0,https://www.ebay.com/itm/SAMSUNG-UN55JU670DF-POWER-BOARD-BN44-00807A/392825885155?hash=item5b763f51e3:g:8A4AAOSwO1de2SrO,
SAMSUNG UN55KU650DF POWER BOARD BN44-00807A,Pre-Owned,$29.99 ,Wat,0,https://www.ebay.com/itm/SAMSUNG-UN55KU650DF-POWER-BOARD-BN44-00807A/392915945550?hash=item5b7b9d884e:g:3EAAAOSwb1BfP~u5,
SAMSUNG BN44-00774A Power Supply Board for UN55H6203AFXZA UN55H6203AFXZC,New (Other),$40.91 ,Pre,0,https://www.ebay.com/itm/SAMSUNG-BN44-00774A-Power-Supply-Board-for-UN55H6203AFXZA-UN55H6203AFXZC/402300631794?hash=item5daafc7af2:g:u1kAAOSwzYVe5RZ9,Does not apply
SAMSUNG UN55MU6500F POWER BOARD BN44-00807A,Pre-Owned,$29.99 ,Wat,0,https://www.ebay.com/itm/SAMSUNG-UN55MU6500F-POWER-BOARD-BN44-00807A/383625963900?hash=item5951e3a97c:g:cE0AAOSwew9fCKZp,
SAMSUNG UN55 UE55 UA55  POWER SUPPLY BN44-00774A Fits 30 Models,New (Other),$40.95 ,Wat,0,https://www.ebay.com/itm/SAMSUNG-UN55-UE55-UA55-POWER-SUPPLY-BN44-00774A-Fits-30-Models/164098759866?hash=item26350c5cba:g:azMAAOSwby1eVuwo,Does Not Apply
Original BN44-00774A Power Supply/LED Board,Pre-Owned,$55.20 ,Pre,0,https://www.ebay.com/itm/Original-BN44-00774A-Power-Supply-LED-Board/274190106931?hash=item3fd7010133:g:nRsAAOSwR1FePdZe,8.80389E+11
BN44-00807A,Pre-Owned,$30.00 ,Wat,0,https://www.ebay.com/itm/BN44-00807A/203023316596?hash=item2f4521f674:g:KtIAAOSwdzte6Qgq,
SAMSUNG  UN50JU6500 POWER SUPPLY BOARD  BN44-00807A,Pre-Owned,$30.00 ,Wat,0,https://www.ebay.com/itm/SAMSUNG-UN50JU6500-POWER-SUPPLY-BOARD-BN44-00807A/223977612481?hash=item34261b24c1:g:hnQAAOSwJjteljUt,
Samsung BN44-00807A Power Supply / LED Board,Pre-Owned,$30.00 ,5,0,https://www.ebay.com/itm/Samsung-BN44-00807A-Power-Supply-LED-Board/264858853431?epid=16007385101&_trkparms=ispr%3D1&hash=item3daad16037:g:mTcAAOSwJCJfV-oQ&enc=AQAFAAACYBaobrjLl8XobRIiIML1V4Imu%2Fn%2BzU5L90Z278x5ickkXKoKcbeZcOrOku%2BoOBl%2BSwcffrgK11x1HTEecUHSp%2F%2FjNce9uX4uwP%2Fdhq7cSGnS0ggSDUUcpRWx2kQXLxhWIlTo2TLpgMBNQqHbMI%2BnQJk%2FmGzgtsGnoayWyaLMa%2B3iVWmq84%2FFrKpG5vzTQ054tgyJEP1mFKlykm6VEd10osFc1VQe%2FrILZEim8S9bcegHhoLSG8RTtfpCS0SOd7YTKS%2FRgUqmU1LA3chcU7F3n0qDwWGhiYT7eQbO%2BHDwr44aHHPMv5WKTrIvH6FLBDNPBq0YHaphwdj95Qz2oE63WMpU0M8rjRB7cm6AUwl3n9Y2r5t%2FZUmXEPMoBkiRTqUtV8BpA4kV6XY7UIAjb6xLuuvkxNWVDR0%2FPhDLQMzYr0j%2FFV%2BHmDubYwBgMrRWArixsBISrtWMhTuraU9dok3OKzMzWC1VACDzPmtFWte0F4u77qvXb2g59rKeActWteY2i6mWIecT%2B1WDjoT6I%2BSZBFkbmzigNXTGJ2KiwgSsCXpNhHK4mMtm7ksl9k25eDW1AVhztfjjNYq8xdfGH6HNxoQ4Kfzfh8t%2BzCj5HQezkO0i1%2FNc1yquEzf324Q6C4S2z9tdn2q%2BeLEmROvpx2STm7O3YmMIBb40n3ut%2BVnPfvoDSwsYPTDncsAeX%2FoV9q6lbvv98cwZEKYAE0jg1jKNMN0KKyXYYlkY0QGBaAMl5vLehY23gXoG7r53lTLcOHlY6S3zXLviB71usTeRXbUXCmeq2aCc9yrTQU1SGwA9wL7t&checksum=264858853431b34f755ebc7d4d8796c055589f5a9e55,
Power Supply/LED Board BN44-00774A on sticker Samsung l50hf_EHS ,Pre-Owned,$45.00 ,Wat,0,https://www.ebay.com/itm/Power-Supply-LED-Board-BN44-00774A-on-sticker-Samsung-l50hf-EHS/293036858263?hash=item443a5b9b97:g:XAYAAOSwj3BbUh~y,
Samsung BN44-00807A Power Supply Board UN55MU6300FXZA #643,Pre-Owned,$30.00 ,5,0,https://www.ebay.com/itm/Samsung-BN44-00807A-Power-Supply-Board-UN55MU6300FXZA-643/202828882769?epid=16007385101&hash=item2f398b2351:g:MHcAAOSwVJFd2ES3,Does not apply
Ridgid/Ryobi Replacement Part 0131010105-33 TABLE,Brand New,$87.12 ,Wat,0,https://www.ebay.com/itm/Ridgid-Ryobi-Replacement-Part-0131010105-33-TABLE/263465790573?hash=item3d57c8ec6d:g:VRIAAOSw2dlfRRvT,Does not apply
Ryobi 2 Pack Of Genuine OEM Replacement Start Keys # 311280001-2PK,Brand New,$24.43 ,Wat,0,https://www.ebay.com/itm/Ryobi-2-Pack-Of-Genuine-OEM-Replacement-Start-Keys-311280001-2PK/202493111567?hash=item2f2587ad0f:g:xcgAAOSwrttcrLnj,9.97963E+11
Ryobi 2 Pack Of Genuine OEM Replacement Start Keys # 311280001-2PK,Brand New,$12.95 ,Pre,0,https://www.ebay.com/itm/Ryobi-2-Pack-Of-Genuine-OEM-Replacement-Start-Keys-311280001-2PK/153445748910?hash=item23ba1450ae:g:xcgAAOSwrttcrLnj,6.8691E+11
Ryobi 310924003 OEM Unloader Valve,Brand New,$20.10 ,4.5,0,https://www.ebay.com/itm/Ryobi-310924003-OEM-Unloader-Valve/252299963633?epid=1842145397&hash=item3abe3fecf1:g:Z5EAAOSwVjJfIIOA,46396111166
Ryobi 311280001 Start Key (Fuse Key),Brand New,$6.21 ,5,0,https://www.ebay.com/itm/Ryobi-311280001-Start-Key-Fuse-Key/254341745744?epid=21015795452&hash=item3b37f30c50:g:PTQAAOSw1m1dZCP0,6.8691E+11
"Ryobi 311280001 Start Key (Fuse Key) for P1100, RY40104, RY40108",Brand New,$14.07 ,Wat,0,https://www.ebay.com/itm/Ryobi-311280001-Start-Key-Fuse-Key-for-P1100-RY40104-RY40108/283929936417?hash=item421b8b0221:g:6EQAAOSwt9Je-HRz,Does not apply
"Ryobi 311280001 Start Key Fuse Key for P1100, RY40104, RY40108",Brand New,$14.87 ,Wat,0,https://www.ebay.com/itm/Ryobi-311280001-Start-Key-Fuse-Key-for-P1100-RY40104-RY40108/383676706668?hash=item5954e9ef6c:g:Mz0AAOSwvr9fNjM6,Not Applicable
"Ryobi 311280001 Start Key Fuse Key for P1100, RY40104, RY40108",Brand New,$14.18 ,Wat,0,https://www.ebay.com/itm/Ryobi-311280001-Start-Key-Fuse-Key-for-P1100-RY40104-RY40108/383716431227?hash=item595748157b:g:XiQAAOSw-nRfW~Iw,6.96572E+11
"Ryobi 311280001 Start Key Fuse Key for P1100, RY40104, RY40108",Brand New,$14.47 ,Wat,0,https://www.ebay.com/itm/Ryobi-311280001-Start-Key-Fuse-Key-for-P1100-RY40104-RY40108/153902314263?hash=item23d54af317:g:V1AAAOSw6Ftem3ur,6.89829E+11
Ryobi 560716002 Felt Pad Yellow 982694001,Brand New,$6.71 ,3,0,https://www.ebay.com/itm/Ryobi-560716002-Felt-Pad-Yellow-982694001/272977386101?epid=1108129726&hash=item3f8eb85a75:g:ZEMAAOSw83FfRTGs,7.0466E+11
Ryobi OEM 311280001 replacement lawnmower start key P1100 RY40104 RY40108,Brand New,$9.20 ,5,0,https://www.ebay.com/itm/Ryobi-OEM-311280001-replacement-lawnmower-start-key-P1100-RY40104-RY40108/123832245899?epid=21015795452&_trkparms=ispr%3D1&hash=item1cd4fa1e8b:g:AnEAAOSwXAFdubta&enc=AQAFAAACYBaobrjLl8XobRIiIML1V4Imu%2Fn%2BzU5L90Z278x5ickkp2NA0WuhQytmt4dbStg00PAAaGg%2BeZ%2FRU1LwM1syq7H8xX4sVRbqfXR9zStimO1L8uxpeJcpsS2p7uPffH3splQMIcKBFmK8nIHAFqqRfKK1KHKKsSkW0m5NjfPnu21nPT42CNQ4daJ48yokeZiqyipOYPSZ9uN%2FXsAQ1e5DBn9MPLC4579h%2FC5zNinEwVLLymi5h4QnJ1G0ycn4mmTADzK1RbHHe2NM9zxsrelswU73YRlMMb%2FEhc1GzPf1D4l2alN9X6ujSi%2Fj%2FMuqmNEs5H%2B8k1v16F4KceAzKANv3Q0pSBD9n%2F%2FUej4iaUz90cuX30AvHRxzRfdAgic3nqcVwry5EdqDBzQAnKh6Jp0lmzFGWHzWNctQNd9zKBk4A0PZJqM0xuh5rad2zmhkOzt14ayktekvsuEsvhZzDU%2FKNTraRAjah%2Byw1HdmgDkYagmfnYHi6Ym%2FJ7EctM%2BPZVEy9A6aKFHVmdUG8l3Qmh%2B6nEHHDkKzdymtGYgOAnqutb6J6bFT6mSBSuyFHZk1DX5hL2RQccmm51YjZeowDgXnu3DNNsK8oNuE%2BYvUNumXPdhsfqIFod4tQxlBDzWI7Tpzzp1a6jdkxFogOTtASeceBJcEXupF2WAcaWi5yBDoUz9GY1eXECnOW7InL3cIVGQtJWqcYojU55JgcaK0cY%2Fv6rP5kwiQdqQvzPeIDrwkHo5OHwu%2BV1u5YIZXSQBo3mi4K%2BreiFVy1qZuoLra6nbiFwIUiyCze%2BKeZz06kG7AdBsp&checksum=1238322458997f0d5828c337454e89ca192e58d2c0f9,6.94026E+11
Ryobi RY40104 OEM Replacement Starter Key # 311280001,Brand New,$7.95 ,5,0,https://www.ebay.com/itm/Ryobi-RY40104-OEM-Replacement-Starter-Key-311280001/174382230049?epid=21015795452&hash=item2899fdaa21:g:DFUAAOSwP35fLChU,6.8691E+11
Samnsung BN44-00878A Power Supply / LED Board,New (Other),$25.00 ,5,0,https://www.ebay.com/itm/Samnsung-BN44-00878A-Power-Supply-LED-Board/113979414844?epid=16007385101&hash=item1a89b3d93c:g:310AAOSwxgZd1WwJ,
Samsung UN55J6201AF Power Supply BN44-00774A,New (Other),$44.95 ,Wat,0,https://www.ebay.com/itm/Samsung-UN55J6201AF-Power-Supply-BN44-00774A/363011851706?hash=item54853145ba:g:vMQAAOSw7qdZ6S3z,Does not apply
SAMSUNG  Power Supply BN44-00774A ,Pre-Owned,$45.95 ,Wat,0,https://www.ebay.com/itm/SAMSUNG-Power-Supply-BN44-00774A/173730100613?hash=item28731ef585:g:CIwAAOSw5EpcNQTU,
SAMSUNG UN55MU6290 L55S6_FHS BN44-00807A POWER SUPPLY,Pre-Owned,$30.00 ,Wat,0,https://www.ebay.com/itm/SAMSUNG-UN55MU6290-L55S6-FHS-BN44-00807A-POWER-SUPPLY/203079216130?hash=item2f4876ec02:g:k5YAAOSw-HRfOc4A,Does not apply
"Used Samsung UN48JU6500FXZA TV Power Supply Board BN44-00807A, L55S6_FHS",Pre-Owned,$30.00 ,Wat,0,https://www.ebay.com/itm/Used-Samsung-UN48JU6500FXZA-TV-Power-Supply-Board-BN44-00807A-L55S6-FHS/311443329638?hash=item4883781266:g:1F4AAOSwWnFV8yfW,Does not apply
Samsung BN44-00807A Power Supply FOR UN55JS7000FXZA EH01 / UE48JU6580UXZG ,Pre-Owned,$31.00 ,Wat,0,https://www.ebay.com/itm/Samsung-BN44-00807A-Power-Supply-FOR-UN55JS7000FXZA-EH01-UE48JU6580UXZG/264227789781?hash=item3d85341bd5:g:GGoAAOSws5FcgEtH,Does not apply
SAMSUNG UN55JU670 UN55JU650  UN50KU630 POWER  BOARD BN44-00807A,Pre-Owned,$31.23 ,Wat,0,https://www.ebay.com/itm/SAMSUNG-UN55JU670-UN55JU650-UN50KU630-POWER-BOARD-BN44-00807A/274287837725?hash=item3fdcd4421d:g:t~cAAOSwIBJeVwVY,
SAMSUNG UN50JU6500F POWER BOARD BN44-00807A,Pre-Owned,$31.99 ,Pre,0,https://www.ebay.com/itm/SAMSUNG-UN50JU6500F-POWER-BOARD-BN44-00807A/383645522535?hash=item59530e1a67:g:K8sAAOSwVH1fGZ7H,
SAMSUNG UN55JU6500F POWER BOARD L55S6_FHS BN44-00807A,Pre-Owned,$31.99 ,Pre,0,https://www.ebay.com/itm/SAMSUNG-UN55JU6500F-POWER-BOARD-L55S6-FHS-BN44-00807A/392898881064?hash=item5b7a992628:g:CZMAAOSws8pfKvNp,
SAMSUNG UN55MU6300F POWER BOARD BN44-00807A,Pre-Owned,$31.99 ,Pre,0,https://www.ebay.com/itm/SAMSUNG-UN55MU6300F-POWER-BOARD-BN44-00807A/392871663786?hash=item5b78f9d8aa:g:8VUAAOSwF-xfDHJr,
SAMSUNG UN55MU6500F POWER BOARD BN44-00807A,Pre-Owned,$31.99 ,Pre,0,https://www.ebay.com/itm/SAMSUNG-UN55MU6500F-POWER-BOARD-BN44-00807A/383658688733?hash=item5953d700dd:g:iy4AAOSwppJfJEq7,
"Samsung 55"" Power Supply / LED Board BN44-00774A for UN55J6201AFXZA (See List)",Pre-Owned,$48.95 ,4.5,0,https://www.ebay.com/itm/Samsung-55-Power-Supply-LED-Board-BN44-00774A-for-UN55J6201AFXZA-See-List/264849882316?epid=27034360625&hash=item3daa487ccc:g:ADUAAOSwmRZfTYrT,
"Samsung 55"" UN55J6201 Power Supply Circuit Board Ribbon BN44-00774A",Pre-Owned,$39.95 ,4.5,0,https://www.ebay.com/itm/Samsung-55-UN55J6201-Power-Supply-Circuit-Board-Ribbon-BN44-00774A/164021004218?epid=27034360625&hash=item263069e7ba:g:xhgAAOSweutaleTO,
"Samsung 55"" UN55J6201AFXZA Main Board BN94-09065X Cable [CN1201] to P-Function",Pre-Owned,$14.95 ,Wat,0,https://www.ebay.com/itm/Samsung-55-UN55J6201AFXZA-Main-Board-BN94-09065X-Cable-CN1201-to-P-Function/264849986345?hash=item3daa4a1329:g:izcAAOSw8WJfTa5f,
"Samsung 55"" UN55J6201AFXZA Power Supply BN44-00774A Cable [CNL802] to LED Backli",Pre-Owned,$16.95 ,Wat,0,https://www.ebay.com/itm/Samsung-55-UN55J6201AFXZA-Power-Supply-BN44-00774A-Cable-CNL802-to-LED-Backli/264849978162?hash=item3daa49f332:g:HvIAAOSwjJpfTatJ,
"Samsung 55"" UN55J6201AFXZA Power Supply BN44-00774A Cable [CNM803] to Main Board",Pre-Owned,$14.95 ,Wat,0,https://www.ebay.com/itm/Samsung-55-UN55J6201AFXZA-Power-Supply-BN44-00774A-Cable-CNM803-to-Main-Board/264849968846?hash=item3daa49cece:g:myAAAOSwP2VfTaeE,
SAMSUNG POWER SUPPLY BOARD BN44-00807A,Pre-Owned,$32.00 ,Wat,0,https://www.ebay.com/itm/SAMSUNG-POWER-SUPPLY-BOARD-BN44-00807A/383597711735?hash=item5950349177:g:RJUAAOSwbNte7RPg,
Samsung UN55JU6700FXZA BN44-00807A Power Supply Board,Pre-Owned,$32.00 ,5,0,https://www.ebay.com/itm/Samsung-UN55JU6700FXZA-BN44-00807A-Power-Supply-Board/353178173781?epid=691134110&hash=item523b0f4155:g:4DIAAOSwrmBfNjsn,7.15933E+11
Samsung UN55JU6700FXZA Power Supply Board BN44-00807A,Pre-Owned,$32.00 ,5,0,https://www.ebay.com/itm/Samsung-UN55JU6700FXZA-Power-Supply-Board-BN44-00807A/402295135935?epid=16007385101&hash=item5daaa89ebf:g:4G0AAOSwS4Ve5hX8,Does not apply
Samsung 55J620DAF Power Supply Board BN44-00774A,Pre-Owned,$30.00 ,4.5,0,https://www.ebay.com/itm/Samsung-55J620DAF-Power-Supply-Board-BN44-00774A/123024866917?epid=27034360625&hash=item1ca4da7e65:g:3XoAAOSwk4tarBCk,Does not apply
Samsung BN44-00774A (L55H1_ESM) PSLF141H06A Power Supply LED Board UA55H6203AWXS,Pre-Owned,$39.78 ,Wat,0,https://www.ebay.com/itm/Samsung-BN44-00774A-L55H1-ESM-PSLF141H06A-Power-Supply-LED-Board-UA55H6203AWXS/373209569371?hash=item56e506185b:g:9JQAAOSwnfpfXwOv,Does not apply
SAMSUNG UN55 UE55 UA55 POWER SUPPLY BN44-00774A,Brand New,$45.95 ,Wat,0,https://www.ebay.com/itm/SAMSUNG-UN55-UE55-UA55-POWER-SUPPLY-BN44-00774A/164003369933?hash=item262f5cd3cd:g:AMoAAOSw4GdeVuzK,Does Not Apply
"BN44-00774A Power Supply Board for UN55J6200AFXZA UN55J620DAFXZA, UN55J6201AFXZA",New (Other),$47.20 ,Pre,0,https://www.ebay.com/itm/BN44-00774A-Power-Supply-Board-for-UN55J6200AFXZA-UN55J620DAFXZA-UN55J6201AFXZA/274383756011?hash=item3fe28bdaeb:g:gsUAAOSw1kpePdiX,Does not apply
New Samsung TV Board BN44-00774A,New (Other),$49.50 ,Wat,0,https://www.ebay.com/itm/New-Samsung-TV-Board-BN44-00774A/284012090381?hash=item422070940d:g:9QoAAOSwQPdfX-xH,
Samsung UN55H6203AF Power Supply Board BN44-00774A ,New (Other),$49.95 ,4.5,0,https://www.ebay.com/itm/Samsung-UN55H6203AF-Power-Supply-Board-BN44-00774A/363101666209?epid=27034360625&hash=item548a8bbba1:g:OM8AAOSwSpxZ7nEd,Does not apply
Samsung BN44-00774A Power Supply,Pre-Owned,$65.00 ,4.5,0,https://www.ebay.com/itm/Samsung-BN44-00774A-Power-Supply/274280063105?epid=27034360625&hash=item3fdc5da081:g:nlIAAOSwpeBeTw6l,
Samsung BN44-00774A Power Supply,Pre-Owned,$49.00 ,4.5,0,https://www.ebay.com/itm/Samsung-BN44-00774A-Power-Supply/264810686904?epid=27034360625&hash=item3da7f269b8:g:ZjgAAOSwnQxfH3Ax,
Samsung UN55H6203AFXZA UN55J6200AFXZA Power Supply BN44-00774A,New (Other),$49.95 ,4.5,0,https://www.ebay.com/itm/Samsung-UN55H6203AFXZA-UN55J6200AFXZA-Power-Supply-BN44-00774A/152755354397?epid=27034360625&hash=item2390edbb1d:g:GkQAAOSwRsJeVCQv,6.82318E+11
Samsung UN55J6200AF / UN55J620D / UN55H6203AF Power Supply Board BN44-00774A ,New (Other),$49.95 ,4.5,0,https://www.ebay.com/itm/Samsung-UN55J6200AF-UN55J620D-UN55H6203AF-Power-Supply-Board-BN44-00774A/153859877901?epid=27034360625&hash=item23d2c36c0d:g:mkUAAOSwR2RZ6R3l,Does not apply
Samsung UN55H6203 Power Supply BN44-00774A (see Descripsion),New (Other),$54.00 ,4.5,0,https://www.ebay.com/itm/Samsung-UN55H6203-Power-Supply-BN44-00774A-see-Descripsion/193434042214?epid=27034360625&hash=item2d09913f66:g:3E8AAOSwEdteE~B6,Does not apply
Samsung BN44-00774A Power Supply Board,Pre-Owned,$70.00 ,4.5,0,https://www.ebay.com/itm/Samsung-BN44-00774A-Power-Supply-Board/114080935776?epid=27034360625&hash=item1a8fc0ef60:g:i88AAOSwfZxeKcUQ,6.46437E+11
Samsung BN44-00774A Power Supply Board,Pre-Owned,$25.00 ,4.5,0,https://www.ebay.com/itm/Samsung-BN44-00774A-Power-Supply-Board/124075366134?epid=27034360625&hash=item1ce377d6f6:g:9vEAAOSwRY1ePZDM,6.46437E+11
Samsung BN44-00774A Power Supply Board,Refurbished,$20.00 ,4.5,0,https://www.ebay.com/itm/Samsung-BN44-00774A-Power-Supply-Board/392570493679?epid=27034360625&hash=item5b67065aef:g:ZGkAAOSwmjZd59H3,6.46437E+11
Samsung BN44-00774A Power Supply Board,Pre-Owned,$53.00 ,4.5,0,https://www.ebay.com/itm/Samsung-BN44-00774A-Power-Supply-Board/274353642028?epid=27034360625&hash=item3fe0c05a2c:g:rK0AAOSwp7derIV8,6.46437E+11
Samsung BN44-00774A Power Supply Board,Pre-Owned,$70.00 ,4.5,0,https://www.ebay.com/itm/Samsung-BN44-00774A-Power-Supply-Board/363061516087?epid=27034360625&hash=item5488271737:g:uX0AAOSwiw1fIZvl,6.46437E+11
Samsung BN44-00774A Power Supply Board,Pre-Owned,$75.00 ,4.5,0,https://www.ebay.com/itm/Samsung-BN44-00774A-Power-Supply-Board/283950434100?epid=27034360625&hash=item421cc3c734:g:wjwAAOSw-A1fEQXh,6.46437E+11
Samsung BN44-00774A Power Supply Board,Refurbished,$22.60 ,4.5,0,https://www.ebay.com/itm/Samsung-BN44-00774A-Power-Supply-Board/392935346164?epid=27034360625&hash=item5b7cc58ff4:g:5hAAAOSwlBVfWF9k,6.46437E+11
Samsung BN44-00774A Power Supply / LED Board,New (Other),$54.95 ,4.5,0,https://www.ebay.com/itm/Samsung-BN44-00774A-Power-Supply-LED-Board/254628590431?epid=27034360625&_trkparms=ispr%3D1&hash=item3b490bf35f:g:SdgAAOSwopNe61Ls&enc=AQAFAAACYBaobrjLl8XobRIiIML1V4Imu%2Fn%2BzU5L90Z278x5ickkrDx%2B2NLp21dg6hHbHAkGMRX8KBWFI0cc%2BvtNsuLE%2FOFGuWaMJ27OZtWni8VuP31Ml%2B79J%2BrhK5si3kFs6GuBn4V3wong%2FkKycqxK2GiTq17sGioo4F6U8mxHKBpya%2FLW1sohiTGKNk7BYpcWvRD3ce2Z0GjnTnGlwbvC0gE9upD4Ou5dAnI0U4kF5Q1Vw1fgd3s3MxQ2koBlGrOtLNCeQ1FYRZn3pUpBQMSOtDA5Ilr91QTk1mnKEuk4ryY%2B7qxOJvWZZZFpEbUqSEUdPCFerG8bwpp9ciTjVSO5bcrLYU8BiGuH0PsL0ZcIqQBNRjPVLEXzJqDU6VOF2eJDVA4mZDr5Uh4hLNaDshp7nxhRrQNlkho1REa9v1D5N3Bv7mY12ZCHGJtNGM6BV%2F3nkPdB%2Fc1xuz5dbKRivhw8dUAznJqO%2BOzRwCEp0kTVkCwGgusjRr4m%2FM1fviVph0nXryoyQ%2FLkmklTrvcSu4sKGWrXFGH6bd6n%2BTragQSRFBPFIdjUOTHIKtNS2zTbk1R6sVqndlfOdSzDTOCwR%2FbBufLK6z1jQGfIbtugy40hwTZV%2BXw1RkLaFWKpR5CvbvAGBmrzNcFJ9NwQV6RJXUU64oJLWCIfPNFJqhprSfsCytgj%2B75nbP21IiUHbOlhkzku2ucQImhndjukIJXPxs5rAp9UgGiIzz9JS%2BhoPg7Alotg%2FMnFS0NseOUaiUol7G%2BgOipUQEIz7YVP4kYGEEV1IAWL6rlcDss1lT619cgBobUrtOlJ&checksum=2546285904312fc0e881d93f4645b81ed5cb9d89852d,7.88272E+11
SAMSUNG BN44-00774A POWER SUPPLY BOARD FOR UN55H6203A AND OTHER MODELS,Pre-Owned,$50.96 ,Pre,0,https://www.ebay.com/itm/SAMSUNG-BN44-00774A-POWER-SUPPLY-BOARD-FOR-UN55H6203A-AND-OTHER-MODELS/233458181633?hash=item365b312601:g:b5QAAOSwwo1Xdf9R,Does not apply
Samsung UN55H6203AF Power Supply Board BN44-00774A ,New (Other),$54.95 ,4.5,0,https://www.ebay.com/itm/Samsung-UN55H6203AF-Power-Supply-Board-BN44-00774A/154057795027?epid=27034360625&hash=item23de8f65d3:g:OM8AAOSwSpxZ7nEd,Does not apply
Samsung BN44-00774A Power Supply Board UN75HU8550 SAMSUNG LED TV. No Returns,Pre-Owned,$90.00 ,4.5,0,https://www.ebay.com/itm/Samsung-BN44-00774A-Power-Supply-Board-UN75HU8550-SAMSUNG-LED-TV-No-Returns/193336184687?epid=27034360625&hash=item2d03bc0f6f:g:Du8AAOSwr3hePeel,6.46437E+11
Samsung UN55JU6700FXZA Power Supply for Model BN44-00807A,New (Other),$32.00 ,5,0,https://www.ebay.com/itm/Samsung-UN55JU6700FXZA-Power-Supply-for-Model-BN44-00807A/282963110254?epid=16007385101&hash=item41e1ea696e:g:VcAAAOSwWGda90Cl,
"BN44-00807A SAMSUNG P.Supply L55S6_FHS, UN50JU6500FXZA, UN55JU6700FXZA (10569)",Pre-Owned,$33.00 ,Wat,0,https://www.ebay.com/itm/BN44-00807A-SAMSUNG-P-Supply-L55S6-FHS-UN50JU6500FXZA-UN55JU6700FXZA-10569/332879271183?hash=item4d8126950f:g:otoAAOSwTc5b6d3Q,
Samsung BN-44-00807A NEW ,New (Other),$100.00 ,Wat,0,https://www.ebay.com/itm/Samsung-BN-44-00807A-NEW/181849939753?hash=item2a5719df29:g:I3wAAOSwjVVV4Lqw,
Samsung UN50JU6500FXZA UN55JU6700FXZA Power Supply BN44-00807A,New (Other),$33.00 ,5,0,https://www.ebay.com/itm/Samsung-UN50JU6500FXZA-UN55JU6700FXZA-Power-Supply-BN44-00807A/224122336412?epid=16007385101&hash=item342ebb749c:g:~1gAAOSw0otfO3M3,6.82318E+11
Samsung UN55MU6500FXZA LEDTV POWER SUPPLY BOARD BN44-00807A TV Replacement Parts,New (Other),$33.00 ,5,0,https://www.ebay.com/itm/Samsung-UN55MU6500FXZA-LEDTV-POWER-SUPPLY-BOARD-BN44-00807A-TV-Replacement-Parts/283822947030?epid=16007385101&hash=item42152a7ad6:g:1i0AAOSweqdedmtT,Does not apply
Samsung BN44-00807A Power Supply / LED Board,Pre-Owned,$33.49 ,5,0,https://www.ebay.com/itm/Samsung-BN44-00807A-Power-Supply-LED-Board/174259414036?epid=16007385101&hash=item2892aba414:g:wLcAAOSw1AleoT2n,
Samsung UN50JU6500FXZA UN55JU6700FXZA Power Supply BN44-00807A,New (Other),$33.95 ,5,0,https://www.ebay.com/itm/Samsung-UN50JU6500FXZA-UN55JU6700FXZA-Power-Supply-BN44-00807A/152755354031?epid=16007385101&_trkparms=ispr%3D1&hash=item2390edb9af:g:ZtAAAOSws29bzixF&enc=AQAFAAACYBaobrjLl8XobRIiIML1V4Imu%2Fn%2BzU5L90Z278x5ickkxGz2ccqatkEnoeekHqhLkXc0w%2FGFSL0bagQX0Ewvjn6aqW6BhotupPBUbAz5T%2F%2FIr%2Fiy%2FnOiWoO00GzX16uUIBMFpZ8qEBEq2JGaVNPH9mC6IZSzlNH0vprkcPJiofYy50wNR%2ByCotdAtSqZj8wnTlf8izsJv5slLwS1rqf9TUsAczYytvJsl0lXZJ1C99ddaxtP3FUTb8%2FjHnAryHp3HHaKEtJHkl94a%2ByBaup3HiZs9Ry8ciUu9htdXtZubDYcn%2ByLfYIhvB%2Blf6uo%2FytBzsXvSWA850SVPMUA8UbIoPlxu%2BnRUz0tlFs2kYU2zkE54J0z6IpR%2FDocVLH%2BIvR6q%2BqGpgnyDZQHq72Zc93ULbp%2BFbC7IHD6do9TKounkUz7y6Q7ggHL%2B27WV%2BFIcrVfbVyMNOWbBH88fQCmnSjI5fURnGKxmoAre8rdWNAaMZ6VQZNFfWTjUaBNbEv%2FHj%2BHmre0oauWcIdTR%2FzxEzpV6KFC5g4XueQU88JZdAw3eLOQKCjjt4qGKS8w9dYDRmhO67hLCLjA%2BQ9YoetXEjPoV798F6SY0YSCShOti5ONDmbyESTl3Ma1s8SFV68jlr8JR1XQYnzIvjTgmrE3pkerdaM7psbv%2FWHv8UUDtP2pXlw9POjxhtpkpZ3iAUhoWPCmXNt470o8UW5k3lGtna%2B0z0aw6hjREZG23jI47gFI1%2FT7AeRajb2TZJW2oKIM4fAfs77RRwBPYReil1lO%2FPHV0F6O69RqzNLQJH1kkk%2FbOYmX&checksum=152755354031b34f755ebc7d4d8796c055589f5a9e55,6.82318E+11
BN44-00807A SAMSUNG POWER BOARD BN44-00807A,New (Other),$34.00 ,5,0,https://www.ebay.com/itm/BN44-00807A-SAMSUNG-POWER-BOARD-BN44-00807A/282865574166?epid=16007385101&hash=item41dc1a2116:g:WfAAAOSwkV9ch2iW,Does not apply
"Samsung 55""  UN55MU6290 power Supply board UN55JU6700F UN55KU6290F  BN44-00807A ",Pre-Owned,$34.50 ,5,0,https://www.ebay.com/itm/Samsung-55-UN55MU6290-power-Supply-board-UN55JU6700F-UN55KU6290F-BN44-00807A/133485522944?epid=16007385101&hash=item1f145b7000:g:QfYAAOSw5KJfKyus,Does not apply
Samsung UN50JU6500F Power Supply Board BN44-00807A,Pre-Owned,$34.95 ,Wat,0,https://www.ebay.com/itm/Samsung-UN50JU6500F-Power-Supply-Board-BN44-00807A/333660043344?hash=item4dafb03850:g:Y9cAAOSw0D5fFJ-s,
Samsung UN55KU6500F Power Supply Board BN44-00807A ,New (Other),$34.95 ,5,0,https://www.ebay.com/itm/Samsung-UN55KU6500F-Power-Supply-Board-BN44-00807A/363074456819?epid=16007385101&hash=item5488ec8cf3:g:dBYAAOSwH-dZ6nOh,Does not apply
Samsung  UN55KU65DFXZA Power Supply / LED Board BN44-00807A,Pre-Owned,$34.99 ,Wat,0,https://www.ebay.com/itm/Samsung-UN55KU65DFXZA-Power-Supply-LED-Board-BN44-00807A/153756436635?hash=item23cc99089b:g:hrUAAOSwEy1d7way,
SAMSUNG UN55JU670DF L55S6_FHS BN44-00807A POWER SUPPLY ,Pre-Owned,$34.99 ,Wat,0,https://www.ebay.com/itm/SAMSUNG-UN55JU670DF-L55S6-FHS-BN44-00807A-POWER-SUPPLY/264819084964?hash=item3da8728ea4:g:eqQAAOSw4vZfKW0r,Does not apply
Samsung UN55KU6290FXZA UN55MU6300FXZA Power Supply / LED Board BN44-00807A,New (Other),$34.99 ,5,0,https://www.ebay.com/itm/Samsung-UN55KU6290FXZA-UN55MU6300FXZA-Power-Supply-LED-Board-BN44-00807A/124304763052?epid=12015025681&hash=item1cf12428ac:g:BkcAAOSwTjpfPTWE,Does not apply
Samsung UN55MU6500FXZA TV Power Supply Board L55S6_FHS / BN44-00807A,Pre-Owned,$34.99 ,5,0,https://www.ebay.com/itm/Samsung-UN55MU6500FXZA-TV-Power-Supply-Board-L55S6-FHS-BN44-00807A/154066406659?epid=1642006812&hash=item23df12cd03:g:MskAAOSwHQVfTB~M,Does not apply
BN44-00807A Power Supply  UN55JS7000FXZA UE48JU6580UXZG,Pre-Owned,$35.00 ,Wat,0,https://www.ebay.com/itm/BN44-00807A-Power-Supply-UN55JS7000FXZA-UE48JU6580UXZG/174166143738?hash=item288d1c72fa:g:eX0AAOSwnhdeKMP0,Does not apply
Power supply board BN44-00807A for Samsung UE49KU6172U,Pre-Owned,$35.00 ,Wat,0,https://www.ebay.com/itm/Power-supply-board-BN44-00807A-for-Samsung-UE49KU6172U/183765089350?hash=item2ac940bc46:g:2hgAAOSwwdpbWx54,Does not apply
Samsung BN44-00807A Power Supply / LED Board,Pre-Owned,$35.00 ,Wat,0,https://www.ebay.com/itm/Samsung-BN44-00807A-Power-Supply-LED-Board/283987646383?hash=item421efb97af:g:WKkAAOSwmRZfQfGQ,
SAMSUNG BN44-00807A Power Supply UN55MU6500 UN55JU650  UN50KU630 ,Pre-Owned,$35.00 ,Wat,0,https://www.ebay.com/itm/SAMSUNG-BN44-00807A-Power-Supply-UN55MU6500-UN55JU650-UN50KU630/193631544512?hash=item2d1556e4c0:g:f4EAAOSwyv9fPrXf,
SAMSUNG POWER SUPPLY BN44-00807A  L55S6_FHS,New (Other),$35.00 ,Wat,0,https://www.ebay.com/itm/SAMSUNG-POWER-SUPPLY-BN44-00807A-L55S6-FHS/332419968991?hash=item4d65c62fdf:g:NAgAAOSwNkJZ6teZ,Does not apply
Samsung Power Supply Board BN44-00807A (Inv. Box No. 1),Pre-Owned,$35.00 ,5,0,https://www.ebay.com/itm/Samsung-Power-Supply-Board-BN44-00807A-Inv-Box-No-1/274338015511?epid=16007385101&hash=item3fdfd1e917:g:zkoAAOSwsiBel1hb,Does not apply
SAMSUNG UN48JU6700F BOARD BN44-00807A.,Pre-Owned,$35.00 ,Wat,0,https://www.ebay.com/itm/SAMSUNG-UN48JU6700F-BOARD-BN44-00807A/254359879652?hash=item3b3907bfe4:g:HIIAAOSwE3JdfYK4,Does not apply
Samsung un49ku6500f Power Board L55s6 Bn44-00807a,Pre-Owned,$35.00 ,Wat,0,https://www.ebay.com/itm/Samsung-un49ku6500f-Power-Board-L55s6-Bn44-00807a/303224364417?hash=item4699949d81:g:GHgAAOSw~oddK3Px,
Samsung UN55JU6700FXZA Power Board BN44-00807A   #4F,Pre-Owned,$35.00 ,5,0,https://www.ebay.com/itm/Samsung-UN55JU6700FXZA-Power-Board-BN44-00807A-4F/133458635812?epid=16007385101&_trkparms=ispr%3D1&hash=item1f12c12c24:g:A0MAAOSwiR9fA38c&enc=AQAFAAACYBaobrjLl8XobRIiIML1V4Imu%2Fn%2BzU5L90Z278x5ickkBUIiHwYv5YgVss0WaiENz3UlMHUZheuSKD3%2BPWK2tii0nbd321L9zyeZ5dXY12s8YBf162GyTzvEaBobCFBdCJpWFEiX4yuH%2BtxJqNOKjxDaqeBXodHpuldunAQwGDJnUXn6aqc3Jh9BRnED0aLmLc3yS6E7L2%2Bi5fxasI5psMt548%2BijTIUUpoOyN8d0Q4fwWGvCQbDpUibdFVDEwBjQXgyEZZvYs6bBeITzyRpJr3CoYU%2FIy2C%2BjWjdfrJMjJ2oOt%2Bv4TxyrmiwBAimilyXWJR58msWjJW9jlrN%2FMCWyqr7%2B0DwoMG97mdZ71U%2F%2BddhK7cDnjvSUTdYlPOmcUxEBBXgolRTciL%2BmqJBLIw26yHCxXi2BN79X4KBfvLU8eXqwssuzjQ7av4qi3qhXANDJyBVq%2FeMaiy9DLdW8aA9IKBAdk2MGmvl2RsuVRzLH7LB8ooChGH74inmU0D4SiV2%2BEM741vgCNuZPSqsvWqLJvAFxPaqk6TdJhFB9jMwlD3GEI78VP97SA48xpxeakHH%2BbF2AYlYeCM%2BYE9dYix4jRWGtt4MWtnGnFOFVoubJbJrpVp6S9T81SyOnCQsV7UtvatY2%2B4EzAOvqQ42463L0dFZA%2Bg5QKEvwxROZCmA%2BO5WcJMSfo8JxmVs6X0vTtlQLhi%2FqA%2FMkmIobVodC%2BRSnrr%2FdC6pb1eA1hpv0SFd%2B6%2Bi97bS1w2%2FCgeCh28wDFTpLS849SHBKcgQq7k06LP%2BoDRXc5GBW8byX4WSnxttlV%2B&checksum=133458635812b34f755ebc7d4d8796c055589f5a9e55,Does not apply
"Samsung UN55KU650DFXZA  Complete LED TV Parts Kit BN94-10827C, BN44-00807A",Pre-Owned,$35.00 ,Wat,0,https://www.ebay.com/itm/Samsung-UN55KU650DFXZA-Complete-LED-TV-Parts-Kit-BN94-10827C-BN44-00807A/283968729348?hash=item421ddaf104:g:8WEAAOSwwDdengyc,
SAMSUNG UN55MU6300FXZA POWER SUPPLY BOARD BN44-00807A,Pre-Owned,$35.00 ,5,0,https://www.ebay.com/itm/SAMSUNG-UN55MU6300FXZA-POWER-SUPPLY-BOARD-BN44-00807A/162901055821?epid=16007385101&hash=item25eda8d94d:g:FncAAOSwRTVag0lk,
for UA55JU6800JXXZ UA55JU6400JXXZ Power Supply Board BN44-00807A L55S6-FHS,New (Other),$35.14 ,Pre,0,https://www.ebay.com/itm/for-UA55JU6800JXXZ-UA55JU6400JXXZ-Power-Supply-Board-BN44-00807A-L55S6-FHS/133482036834?hash=item1f14263e62:g:VcAAAOSwc65e-KTB,Does not apply
Samsung BN44-00807A (L55S6_FHS) Power Supply LED Board HG50EF690UBXXU HG55AD690U,Pre-Owned,$35.69 ,Wat,0,https://www.ebay.com/itm/Samsung-BN44-00807A-L55S6-FHS-Power-Supply-LED-Board-HG50EF690UBXXU-HG55AD690U/392936506164?hash=item5b7cd74334:g:IdcAAOSwbW9fWhrK,Does not apply
Samsung BN44-00807A Power Supply,Pre-Owned,$35.99 ,5,0,https://www.ebay.com/itm/Samsung-BN44-00807A-Power-Supply/164146534288?epid=872889411&hash=item2637e55790:g:K5wAAOSwOCtehO~O,
SAMSUNG UN50MU6070FXZC Power board MAIN BN44-00807A Used,New (Other),$35.99 ,Wat,0,https://www.ebay.com/itm/SAMSUNG-UN50MU6070FXZC-Power-board-MAIN-BN44-00807A-Used/174366427102?epid=18023050281&hash=item28990c87de:g:3p4AAOSw3B5fHzfa,Does not apply
"BN44-00807A Samsung Power Supply,L55S-FHS, from UN55KU6500FXZA Ver FA01",Pre-Owned,$36.28 ,5,0,https://www.ebay.com/itm/BN44-00807A-Samsung-Power-Supply-L55S-FHS-from-UN55KU6500FXZA-Ver-FA01/323931762225?epid=16007385101&hash=item4b6bd66e31:g:~rsAAOSwWQVdkBwP,
Samsung BN44-00807A Power Supply / LED Board,New (Other),$36.99 ,5,0,https://www.ebay.com/itm/Samsung-BN44-00807A-Power-Supply-LED-Board/324127751233?epid=16007385101&hash=item4b7784fc41:g:26EAAOSw7BBei79n,
Samsung Power Supply UN55KU6500 BN44-00807A UN55JU6500 UN55JU6700 UN55MU6300 ,Pre-Owned,$37.00 ,5,0,https://www.ebay.com/itm/Samsung-Power-Supply-UN55KU6500-BN44-00807A-UN55JU6500-UN55JU6700-UN55MU6300/253707566900?epid=872889411&hash=item3b12263f34:g:1KEAAOSwtRRdM2jR,45900193216
Samsung UN55KU6290FXZA Power Supply / LED Board BN44-00807A,Pre-Owned,$37.50 ,Wat,0,https://www.ebay.com/itm/Samsung-UN55KU6290FXZA-Power-Supply-LED-Board-BN44-00807A/154063799656?hash=item23deeb0568:g:-CoAAOSwKk9fSY3z,Does not apply
Samsung UN55MU6300F Power Supply Board  BN44-00807A üì∫,Pre-Owned,$37.77 ,5,0,https://www.ebay.com/itm/Samsung-UN55MU6300F-Power-Supply-Board-BN44-00807A/283911177234?epid=19014196721&hash=item421a6cc412:g:2qMAAOSwS8he4stk,
SAMSUNG POWER SUPPLY BOARD BN44-00807A  UN55JU6700FXZA/UN50JU6500FXZA,Pre-Owned,$38.10 ,Wat,0,https://www.ebay.com/itm/SAMSUNG-POWER-SUPPLY-BOARD-BN44-00807A-UN55JU6700FXZA-UN50JU6500FXZA/112959306691?hash=item1a4ce63bc3:g:16oAAOSwJjZa34Oa,
SAMSUNG BN44-00807A POWER SUPPLY BOARD FOR UN55KU6300 AND OTHER MODELS,Pre-Owned,$38.21 ,Pre,0,https://www.ebay.com/itm/SAMSUNG-BN44-00807A-POWER-SUPPLY-BOARD-FOR-UN55KU6300-AND-OTHER-MODELS/333570368328?hash=item4daa57e348:g:3g8AAOSwXi9b-3Ja,Does not apply
BN44-00807A Power Supply sAMSUNG UN55JU650DFXZA UN55JU650DFXZA,New (Other),$39.00 ,Wat,0,https://www.ebay.com/itm/BN44-00807A-Power-Supply-sAMSUNG-UN55JU650DFXZA-UN55JU650DFXZA/303586264835?hash=item46af26c703:g:iqEAAOSwVwNe18pa,
"L55S6_FHS BN44-00807H Samsung  Power Supply 55"" tv Equivalent BN44-00807A",Pre-Owned,$39.00 ,Wat,0,https://www.ebay.com/itm/L55S6-FHS-BN44-00807H-Samsung-Power-Supply-55-tv-Equivalent-BN44-00807A/323112667153?hash=item4b3b040811:g:CIIAAOSwWYhamhOa,Does not apply
Samsung UN55MU6500FXZA Power Supply Board L55S6_FHS / BN44-00807A,Pre-Owned,$39.00 ,5,0,https://www.ebay.com/itm/Samsung-UN55MU6500FXZA-Power-Supply-Board-L55S6-FHS-BN44-00807A/224100866116?epid=1642006812&hash=item342d73d844:g:Nq8AAOSwUgBfJDCV,Does not apply
SAMSUNG POWER SUPPLY BOARD BN44-00807A SUPPORTS  MORE 25 MODELS SEE PHOTO  ,New (Other),$39.90 ,Wat,0,https://www.ebay.com/itm/SAMSUNG-POWER-SUPPLY-BOARD-BN44-00807A-SUPPORTS-MORE-25-MODELS-SEE-PHOTO/401775053157?hash=item5d8ba8c965:g:dS4AAOSwxJlc7GOb,
SAMSUNG MDL- UN55J6201AF- POWER SUPPLY- BN44- 00774A,Pre-Owned,$25.00 ,4.5,0,https://www.ebay.com/itm/SAMSUNG-MDL-UN55J6201AF-POWER-SUPPLY-BN44-00774A/352739246475?epid=27034360625&hash=item5220e5c18b:i:352739246475,Does not apply
SAMSUNG MDL- UN55MU6300F- POWER SUPPLY- BN44- 00807A,Pre-Owned,$30.00 ,5,0,https://www.ebay.com/itm/SAMSUNG-MDL-UN55MU6300F-POWER-SUPPLY-BN44-00807A/352739133147?epid=16007385101&hash=item5220e406db:g:cN4AAOSwwz9dQc3r,Does not apply
BN44-00807A Samsung POWER  for UN55MU6290 and others,Pre-Owned,$39.95 ,5,0,https://www.ebay.com/itm/BN44-00807A-Samsung-POWER-for-UN55MU6290-and-others/264211092015?epid=16007385101&hash=item3d8435522f:g:lbkAAOSw-RFccaD7,
"SAMSUNG MODEL UN55J6201AF XZA  IR SENSOR #  BN41-01899E ,BUY IT NOW!!",Pre-Owned,$11.69 ,Pre,0,https://www.ebay.com/itm/SAMSUNG-MODEL-UN55J6201AF-XZA-IR-SENSOR-BN41-01899E-BUY-IT-NOW/233653003486?epid=1772735779&_trkparms=ispr%3D1&hash=item3666cde4de:g:tbEAAOSwQz1fEigw&enc=AQAFAAACYBaobrjLl8XobRIiIML1V4Imu%2Fn%2BzU5L90Z278x5ickkai8xCwosGKpC0NWj85e%2FB5ckSqjm93RCwRetrecwoB4PxEUOBmfjQicvMBzmX9HzA7ZkB%2BMtz%2FGz3D8W%2B0PaC4HR%2FDt2X%2Bwizkf%2BEvOI2ouTjf59ofXScps34JB8lp2n1EZyABYlDwdkAVw%2FQv1hgXrM8ec%2F22Fo5YEDO9Qj2tlrO9sFttZkCd2kvPPKrM9A%2BrCOxLfFTF01ipS9Q1z9WeI7IHeBcVaaWLWK2GJFByM%2BDiANbW4xZCwK5DSwtCgSBGoAx0URXtL26Ixew%2BwsXMZmcfRPaQDSrl9EbLkyGD%2FO50u%2FFJ2NC%2BBa9P9ie1aMXpwyVxk2LKTfr9clNF%2Bbx8e185cEvkTsKsNc6huB97tofWpbJ77AGxFwNB3kOm9F5jqcjb826Y8iFX3ycdZ4JBdcfCBD3Rx5B%2BEk3oLLZav5payoeduuevWJnoqHtW3CcMfLiku0EEgEZEMjrwyZiFqk4SU4BnJ1ZKQ5uF%2B1xSDMleLygfHzMuxwLnGIrrHhtFKaQar%2FcIEvV%2F7Y7h2n91VIQ6ovOZnZZCUI%2Fy1f89DNhbyhluxPwjJAh5W5xEOXHVeHsKCBGa%2BkbnmGTllgjUdO5hNtaOyhZ1MDc%2FhpX%2FZaSBD%2FcCihzCG%2BP4FGDVTSm9TCz7qa5zn21JWyqkTaBUJ%2FXuCLWxGValWFDSGNHfi%2F7qvtaWYEP0TZxz1TPkKsHzedUH71dp7MkkadwEYRmn%2FEAU3P20yPuEji5DlZlxnmjvRPJA3uceEeOANr4BWG&checksum=2336530034862fc0e881d93f4645b81ed5cb9d89852d,
SAMSUNG POWER BOARD BN44-00774A,Pre-Owned,$54.10 ,Wat,0,https://www.ebay.com/itm/SAMSUNG-POWER-BOARD-BN44-00774A/114405409381?hash=item1aa3180265:g:b8AAAOSwxxpfXTwx,
SAMSUNG BN44-00807A Power Board  UN55JU6700F UN55JU6500F UN55MU6490F UN55KU6290F,New (Other),$39.95 ,Wat,0,https://www.ebay.com/itm/SAMSUNG-BN44-00807A-Power-Board-UN55JU6700F-UN55JU6500F-UN55MU6490F-UN55KU6290F/162407007080?hash=item25d0364368:g:qCIAAOSwjX1awu5a,Does not apply
SAMSUNG Genuine OEM BN44-00807A L55S6_FHS POWER SUPPLY BOARD UN55JU6700FXZA,New (Other),$39.95 ,Wat,0,https://www.ebay.com/itm/SAMSUNG-Genuine-OEM-BN44-00807A-L55S6-FHS-POWER-SUPPLY-BOARD-UN55JU6700FXZA/174370261851?hash=item2899470b5b:g:efAAAOSwLXpfItgk,Does Not Apply
"SAMSUNG POWER SUPPLY BN44-00807A, BN44-00807E,  BN44-00807D,  BN44-00807H",Brand New,$39.95 ,Wat,0,https://www.ebay.com/itm/SAMSUNG-POWER-SUPPLY-BN44-00807A-BN44-00807E-BN44-00807D-BN44-00807H/162935880639?hash=item25efbc3bbf:g:Tr0AAOSwXsBeVuuW,Does Not Apply
Samsung UN48JU6500FXZA UN55KU6300FXZA Power Supply / LED Board BN44-00807A,New (Other),$39.95 ,Wat,0,https://www.ebay.com/itm/Samsung-UN48JU6500FXZA-UN55KU6300FXZA-Power-Supply-LED-Board-BN44-00807A/332957965174?hash=item4d85d75b76:g:TCQAAOSwUKxYdmfP,Does not apply
Samsung UN50JU6500FXZA UN50KU6300FXZA Power Supply / LED Board BN44-00807A,New (Other),$39.95 ,Wat,0,https://www.ebay.com/itm/Samsung-UN50JU6500FXZA-UN50KU6300FXZA-Power-Supply-LED-Board-BN44-00807A/332957997541?hash=item4d85d7d9e5:g:NEAAAOSwo4pYdPgf,Does not apply
Samsung UN50MU6300FXZA UN55MU6290FXZA UN55MU650DFXZA Power Supply BN44-00807A,New (Other),$39.95 ,Wat,0,https://www.ebay.com/itm/Samsung-UN50MU6300FXZA-UN55MU6290FXZA-UN55MU650DFXZA-Power-Supply-BN44-00807A/323603006040?hash=item4b583e0258:g:9fkAAOSw2Xtdlm28,Does not apply
Samsung UN55JU6500FXZA UN55JU6700FXZA Power Supply / LED Board BN44-00807A,New (Other),$39.95 ,Wat,0,https://www.ebay.com/itm/Samsung-UN55JU6500FXZA-UN55JU6700FXZA-Power-Supply-LED-Board-BN44-00807A/323603008217?hash=item4b583e0ad9:g:INoAAOSwopRYbsc-,Does not apply
Samsung UN55KU6290FXZA UN55MU6300FXZA Power Supply / LED Board BN44-00807A,New (Other),$39.95 ,Wat,0,https://www.ebay.com/itm/Samsung-UN55KU6290FXZA-UN55MU6300FXZA-Power-Supply-LED-Board-BN44-00807A/333300334075?hash=item4d9a3f7dfb:g:TCQAAOSwUKxYdmfP,Does not apply
Samsung UN55KU6500FXZA UN55MU6500FXZA UN49KU6500FXZA Power Supply BN44-00807A,New (Other),$39.95 ,Wat,0,https://www.ebay.com/itm/Samsung-UN55KU6500FXZA-UN55MU6500FXZA-UN49KU6500FXZA-Power-Supply-BN44-00807A/372537825225?hash=item56bcfc17c9:g:TLYAAOSwopRYavZm,Does not apply
SAMSUNG BN44-00807A Power Board  UN55JU6700F UN55JU6500F UN55MU6490F UN55KU6290,Pre-Owned,$39.99 ,Wat,0,https://www.ebay.com/itm/SAMSUNG-BN44-00807A-Power-Board-UN55JU6700F-UN55JU6500F-UN55MU6490F-UN55KU6290/382848972940?hash=item592393b88c:g:gdYAAOSwO7NckEEs,Does not apply
Samsung Power Supply BN44-00807A UN50JU6500FXZA UN55JU6700FXZA UN49KU650DFXZA ,New (Other),$39.99 ,Wat,0,https://www.ebay.com/itm/Samsung-Power-Supply-BN44-00807A-UN50JU6500FXZA-UN55JU6700FXZA-UN49KU650DFXZA/164364325153?hash=item2644e09121:g:sqAAAOSwlGZfTt5-,6.82318E+11
SAMSUNG TV  BN44-00807A  Power Supply Board L55S6_FHS,Pre-Owned,$39.99 ,5,0,https://www.ebay.com/itm/SAMSUNG-TV-BN44-00807A-Power-Supply-Board-L55S6-FHS/312949754733?epid=16007385101&hash=item48dd424b6d:g:lDcAAOSwZK1eIOrd,Does not apply
Samsung UN49KU650D Power Board Powerboard BN44-00807A,Pre-Owned,$39.99 ,Wat,0,https://www.ebay.com/itm/Samsung-UN49KU650D-Power-Board-Powerboard-BN44-00807A/202672212234?hash=item2f3034890a:g:7fgAAOSwXLtc0NrP,
Samsung UN55KU6500F Power Supply Board BN44-00807A L55S6 FHS,Pre-Owned,$39.99 ,5,0,https://www.ebay.com/itm/Samsung-UN55KU6500F-Power-Supply-Board-BN44-00807A-L55S6-FHS/274463948326?epid=1840199409&_trkparms=ispr%3D1&hash=item3fe7537e26:g:PnEAAOSwVFpfPEjP&enc=AQAFAAACYBaobrjLl8XobRIiIML1V4Imu%2Fn%2BzU5L90Z278x5ickkY3FSd4Ad8xn3oRtkVexxrIl6x%2Fu%2B3acDiW2jm14M2qtkCyA2rmH8sskdrIHKtJwPdRNVm69tMKhKbxd8x3jBS3PR8UzvWpkM0N8LpyFhE9rj0AiE1AnEvcJtF6WiIjYyOvB8UNjT1rt1Ao6YYm0f23yKS7QmxN2wUw6R%2FB%2F1%2FYQcLEHploZcmx3btE03MHna0%2BlCG2P9JN6CPQN%2FJ1iBNiQ%2FM%2BdTeWeJR2%2BAVGh2Ta1MDU6nmyOI8BJXIKs4iNVa0adVmPDfjSbc7mYIfyOOY70SjBZ6etE0gQx7eHIwnL1Y8O23HiiuCwTMyr8xxXU8qXkDf%2BVF9ezoqlHRgwV3offgA118i1pw%2FY50Y2C2ZvDz1HFR7MTidUU4NdYmkZbeibZ7DTFg%2F6lyp8%2FCUstebwBzDEGMq4l3V%2B3sph%2BQ%2BpOryZ41HC2WABcOSTrN8jvFLIkN7CuHcEoG70p8xED2lpEKF0hdbnZe%2FgBEjAgpz%2BPMPMHiTUSP6TNgj3eNXZjnA7wIG%2FK7uH%2F7mq6ugEOweacbiSeSV1vpMTK2Ikby1FsmVgXcTUIDfZi5Pphp1hUtJmOHaTCbLTd1RiYGknzYpHpmJzMyhVJZh80zojFBBWGwFPIh%2FOFJ50h3MkFOCYyNZSjMxB%2Bje1QdWg86UopGqpWOfiXbi2tctN0VYXwWxJoWb7cYCWS7cVhkDmunvzmp1jxezZpgEnuaweqr1vj7lEt41G4QgPzQ5YG2P70Ap8PHg4xr4vmPWGoHafOeCWVT&checksum=274463948326b34f755ebc7d4d8796c055589f5a9e55,Does not apply
"49"" SAMSUNG LCD TV UN49KU6500F(FA01)  Power Supply / LED Board  BN44-00807A ",Pre-Owned,$40.00 ,5,0,https://www.ebay.com/itm/49-SAMSUNG-LCD-TV-UN49KU6500F-FA01-Power-Supply-LED-Board-BN44-00807A/113212450703?epid=16007385101&hash=item1a5bfce78f:g:1~UAAOSwTWZbetqn,
Power supply board BN44-00807A for SAMSUNG UE49KU6179,Pre-Owned,$40.00 ,Wat,0,https://www.ebay.com/itm/Power-supply-board-BN44-00807A-for-SAMSUNG-UE49KU6179/183758442169?hash=item2ac8db4eb9:g:eh0AAOSwtRlbiODV,Does not apply
Samsung BN44-00807A Power Supply / LED Board,Pre-Owned,$40.00 ,5,0,https://www.ebay.com/itm/Samsung-BN44-00807A-Power-Supply-LED-Board/254243670047?epid=16007385101&hash=item3b321a881f:g:n~0AAOSwXfVc6CVF,
SAMSUNG TV  Power Supply Board BN44-00446A Read Compatible TV models,Pre-Owned,$37.50 ,4.5,0,https://www.ebay.com/itm/SAMSUNG-TV-Power-Supply-Board-BN44-00446A-Read-Compatible-TV-models/284011762917?epid=27034360625&hash=item42206b94e5:g:krsAAOSwSu5fOqpj,Does not apply
SAMSUNG UN50JU6500FXZA POWER BOARD PART# BN44-00807A,Pre-Owned,$40.00 ,Wat,0,https://www.ebay.com/itm/SAMSUNG-UN50JU6500FXZA-POWER-BOARD-PART-BN44-00807A/312789263158?hash=item48d3b16336:g:sMMAAOSw5PBdlBg5,
SAMSUNG UN55KU6500FXZA POWER SUPPLY BN44-00807A,Pre-Owned,$40.00 ,5,0,https://www.ebay.com/itm/SAMSUNG-UN55KU6500FXZA-POWER-SUPPLY-BN44-00807A/114372025109?epid=16007385101&hash=item1aa11a9b15:g:jXwAAOSwWd5fQpFa,
Samsung UN55MU6490F  Power supply board  BN44-00807A,Pre-Owned,$40.00 ,Wat,0,https://www.ebay.com/itm/Samsung-UN55MU6490F-Power-supply-board-BN44-00807A/324279545394?hash=item4b80912e32:g:MAUAAOSwx~dfTX7t,
SAMSUNG UN55MU6500F BOARD BN44-00807A.,Pre-Owned,$40.00 ,Wat,0,https://www.ebay.com/itm/SAMSUNG-UN55MU6500F-BOARD-BN44-00807A/254540743470?hash=item3b43cf832e:g:OcEAAOSwDy9desrF,Does not apply
Used Samsung TV Power Supply L55S6_FHS / BN44-00807A,Pre-Owned,$40.00 ,5,0,https://www.ebay.com/itm/Used-Samsung-TV-Power-Supply-L55S6-FHS-BN44-00807A/274394890300?epid=1642006812&hash=item3fe335c03c:g:E3MAAOSwMNhe4v8A,Does not apply
Samsung BN44-00807A Power Supply / LED Board   UN55JS7000FXZA EH01,Pre-Owned,$42.99 ,5,0,https://www.ebay.com/itm/Samsung-BN44-00807A-Power-Supply-LED-Board-UN55JS7000FXZA-EH01/254656893026?epid=16007385101&hash=item3b4abbd062:g:vXkAAOSwU2FfEkQm,
BN44-00807A SAMSUNG POWER SUPPLY / LED BOARD NEW GENUINE OEM,New (Other),$44.95 ,5,0,https://www.ebay.com/itm/BN44-00807A-SAMSUNG-POWER-SUPPLY-LED-BOARD-NEW-GENUINE-OEM/224026981047?epid=16007385101&hash=item34290c72b7:g:YeMAAOSw8A5e0EUF,Does not apply
Samsung UN55KU650DF Power Supply Board BN44-00807A  ,New (Other),$44.95 ,5,0,https://www.ebay.com/itm/Samsung-UN55KU650DF-Power-Supply-Board-BN44-00807A/363037773514?epid=16007385101&hash=item5486bcceca:g:R4wAAOSwuiNZqvgU,Does not apply
Samsung UN55KU6500FXZA - Power Supply BN44-00807A,Pre-Owned,$44.99 ,Wat,0,https://www.ebay.com/itm/Samsung-UN55KU6500FXZA-Power-Supply-BN44-00807A/174349516995?hash=item28980a80c3:g:PZMAAOSwGzdfDmki,
SAMSUNG UN49KU6500FXZA VER FA01 BROKEN PANEL 15 PCS KIT BN96-40632A BN96-40633A,Parts Only,$89.00 ,Wat,0,https://www.ebay.com/itm/SAMSUNG-UN49KU6500FXZA-VER-FA01-BROKEN-PANEL-15-PCS-KIT-BN96-40632A-BN96-40633A/264647460455?hash=item3d9e37c667:g:PeUAAOSwQXZeVYu7,Does not apply
BN44-00807A SAMSUNG UE49KU6172U POWER SUPPLY,Pre-Owned,$45.00 ,Wat,0,https://www.ebay.com/itm/BN44-00807A-SAMSUNG-UE49KU6172U-POWER-SUPPLY/114366977834?hash=item1aa0cd972a:g:YUoAAOSw0ntfPqMK,Does not apply
BN44-00807A TV Power Supply / LED Board  UN55KU6300FXZX ,Pre-Owned,$45.00 ,Wat,0,https://www.ebay.com/itm/BN44-00807A-TV-Power-Supply-LED-Board-UN55KU6300FXZX/124224238583?hash=item1cec5773f7:g:JuAAAOSwdTRe57wP,
"Samsung 55‚Äù TV Power Supply / LED Board BN44-00807A For UN55MU, UN55KU",Parts Only,$45.00 ,Tim,0,https://www.ebay.com/itm/Samsung-55-TV-Power-Supply-LED-Board-BN44-00807A-For-UN55MU-UN55KU/174431118712?hash=item289ce7a578:g:L5sAAOSw9odfPymo,Does not apply
Samsung BN44-00807A Power Supply,Pre-Owned,$45.00 ,Wat,0,https://www.ebay.com/itm/Samsung-BN44-00807A-Power-Supply/173931828426?hash=item287f2514ca:g:rxAAAOSwArNdAf0k,
SAMSUNG UN50JU6500FXZA POWER BOARD,New (Other),$35.00 ,5,0,https://www.ebay.com/itm/SAMSUNG-UN50JU6500FXZA-POWER-BOARD/233022135643?epid=16007385101&hash=item3641339d5b:g:~h0AAOSwDX5b~IEY,
SAMSUNG UN55JU6500F Power Supply Board BN44-00807A  /  BN44-00807E TESTED,Pre-Owned,$45.00 ,5,0,https://www.ebay.com/itm/SAMSUNG-UN55JU6500F-Power-Supply-Board-BN44-00807A-BN44-00807E-TESTED/193589826135?epid=16007385101&hash=item2d12da5257:g:smgAAOSwrj9eAStO,
"SAMSUNG UN55JU6700FXZA/UN50JU6500FXZA POWER BOARD BN44-00807A, new!!",New (Other),$45.00 ,5,0,https://www.ebay.com/itm/SAMSUNG-UN55JU6700FXZA-UN50JU6500FXZA-POWER-BOARD-BN44-00807A-new/142145012288?epid=16007385101&hash=item211880c240:g:dgUAAOSwFdtXzhz6,Does not apply
Samsung UN55MU6500FXZA TV Power Supply Board L55S6_FHS / BN44-00807A,Pre-Owned,$45.00 ,5,0,https://www.ebay.com/itm/Samsung-UN55MU6500FXZA-TV-Power-Supply-Board-L55S6-FHS-BN44-00807A/152664868256?epid=1642006812&hash=item238b8905a0:g:XksAAOSw74NZkywo,Does not apply
SAMSUNG UN55MU650DFXZA TV POWER SUPPLY BOARD BN44-00807A / L55S6 FHS,Pre-Owned,$45.00 ,Wat,0,https://www.ebay.com/itm/SAMSUNG-UN55MU650DFXZA-TV-POWER-SUPPLY-BOARD-BN44-00807A-L55S6-FHS/372478397073?hash=item56b9714a91:g:v48AAOSwB8Rbzlau,Does not apply
UN55JU650DF POWER BN44-00807A,Pre-Owned,$45.00 ,Wat,0,https://www.ebay.com/itm/UN55JU650DF-POWER-BN44-00807A/333549739792?hash=item4da91d1f10:g:iLYAAOSwAMxecW4Q,Does not apply
SAMSUNG POWER SUPPLY FOR DEL TV UE50KU6020 BN44-00807A L55S6_FHS REV 1.2,Pre-Owned,$45.13 ,Wat,0,https://www.ebay.com/itm/SAMSUNG-POWER-SUPPLY-FOR-DEL-TV-UE50KU6020-BN44-00807A-L55S6-FHS-REV-1-2/272791556047?hash=item3f83a4cfcf:g:cdsAAOSwAO9ZO534,Does not apply
Samsung BN44-00807A Power Supply / LED Board,Pre-Owned,$45.60 ,5,0,https://www.ebay.com/itm/Samsung-BN44-00807A-Power-Supply-LED-Board/274343289695?epid=16007385101&hash=item3fe022635f:g:QEsAAOSwRBpenq6A,Does not apply
NEW Original FOR Samsung UA48JU6800J UA55JU6800JXXZ power board BN44-00807A ,Brand New,$45.99 ,4.5,0,https://www.ebay.com/itm/NEW-Original-FOR-Samsung-UA48JU6800J-UA55JU6800JXXZ-power-board-BN44-00807A/193064282955?epid=2239776105&hash=item2cf3872b4b:g:XdwAAOSwHb9bohPb,1.90907E+12
"SAMSUNGE UN55KU6500F, UN55MU6300F BN44-00807A L55S6_FHS Power Supply 4006",Pre-Owned,$47.20 ,Pre,0,https://www.ebay.com/itm/SAMSUNGE-UN55KU6500F-UN55MU6300F-BN44-00807A-L55S6-FHS-Power-Supply-4006/274190658543?epid=9038129795&hash=item3fd7096bef:g:u2kAAOSwwRRePdcK,7.32327E+11
SAMSUNGe UN55MU6500F L55S6_FHS BN44-00807A E301536 Power Board 6737,Pre-Owned,$47.20 ,Pre,0,https://www.ebay.com/itm/SAMSUNGe-UN55MU6500F-L55S6-FHS-BN44-00807A-E301536-Power-Board-6737/274190658550?hash=item3fd7096bf6:g:fskAAOSw0XVePdcE,7.17058E+11
Samsung BN44-00774A Power Board UN55H6203AF UN55J6200AF UN55J6201AF UN55J620DAF,New (Other),$55.00 ,5,0,https://www.ebay.com/itm/Samsung-BN44-00774A-Power-Board-UN55H6203AF-UN55J6200AF-UN55J6201AF-UN55J620DAF/154049841136?epid=17013793226&hash=item23de1607f0:g:slUAAOSwvQdfOtqZ,Does not apply
SAMSUNG UN55J6201AF POWER Supply PCB BN44-00774A,New (Other),$55.97 ,Wat,0,https://www.ebay.com/itm/SAMSUNG-UN55J6201AF-POWER-Supply-PCB-BN44-00774A/133398488024?hash=item1f0f2b63d8:g:xr0AAOSwd9VeqiPC,
Samsung UN55H6203AF Power Supply Board BN44-00774A ,New (Other),$59.95 ,4.5,0,https://www.ebay.com/itm/Samsung-UN55H6203AF-Power-Supply-Board-BN44-00774A/363105947047?epid=27034360625&hash=item548acd0da7:g:OM8AAOSwSpxZ7nEd,Does not apply
SAMSUNG UN55H6203AF BN44-00774A Television TV Replacement Power Supply Board,Pre-Owned,$75.00 ,Wat,0,https://www.ebay.com/itm/SAMSUNG-UN55H6203AF-BN44-00774A-Television-TV-Replacement-Power-Supply-Board/183586013202?epid=1574855620&hash=item2abe944012:g:8FYAAOSwEVlcFA5H,7.36212E+11
Bn44-00774a,Brand New,$70.00 ,Wat,0,https://www.ebay.com/itm/Bn44-00774a/254456946937?hash=item3b3ed0e0f9:g:jgsAAOSw3nNd-f4q,Does not apply
"Samsung UN55J6201AFXZA Power Supply Board BN44-00774A, L55H1_ESM",New (Other),$72.99 ,Wat,0,https://www.ebay.com/itm/Samsung-UN55J6201AFXZA-Power-Supply-Board-BN44-00774A-L55H1-ESM/274016272599?_trkparms=ispr%3D1&hash=item3fcca480d7:g:140AAOSwg-Zdg7L0&enc=AQAFAAACYBaobrjLl8XobRIiIML1V4Imu%2Fn%2BzU5L90Z278x5ickkY3FSd4Ad8xn3oRtkVexxrAj6K2YI1Oe6jiVLKLxygaTTT8ORK1uW7Ow4wTnMslGTU8rXwD%2FPff97JpnBcaTIm20jarQiT3u3IWvFqn%2BB0S96cyR9TKWMvPZGZXMKK%2BiUz%2Bs67spAO%2FQ%2B6eyd9XdNslF6GP5BLqfbmADC960%2Birxtr3dhGJug3ow73FD33H8wPppRKbDsPP%2F6f9%2FDdwSqSn%2BtGjAv0W40ghxzJlisJLe%2Bv8NgHtniZy%2Fem86lc3yjwF0vXiHT%2F475l2XTj1LbTxUjxGWiBrwMDhPQvsDPSh6nTm4bPsRfwtv1jb24QplF1w9gx01bYqugdE8YaeRVassPYDKDt8bFI8Bss%2BmE5hYqmLAgVkDTasvWUuJr4Jk38ydG4TNHUUWcklakKnqbKIbsHM90Bzmyokx6EfEr8KSX4Q8gp5coJyl%2FSBf%2BCLOECpqGLhm01gBhY106z45FyvOr7pfideZu1x7UdFoGfiE0n%2Fku6Z4r99liGlDs7GvS5gLt9lU7eUCsl8TjExevDQeplFdktZsJIS2OqyXl5vDjcxuF4N4sEXyvF%2FdClzyHR13vt4cCo02mZ%2FSsc3afM3vm28ZkZJZDzyjKLBBq1G3NtMAM%2BOlyosXP5%2FY07b0d9tI2Xlw4mHOKPFEPtJ4D3spkUZ2GYCXhKIvxRv4FM%2B%2FKWn0UNX5LaIWgy1vR%2Bbocg3jElM9H6xISxSJ6u5G2Rz28AUWXgRujekCB6Xxiqr5qPp1LGb7t%2FKoAavdvbAUz&checksum=2740162725992fc0e881d93f4645b81ed5cb9d89852d,Does not apply
Samsung BN44-00774A BN96-28772A/BN96-28773A Power Supply / LED Board /,New (Other),$74.95 ,Wat,0,https://www.ebay.com/itm/Samsung-BN44-00774A-BN96-28772A-BN96-28773A-Power-Supply-LED-Board/254662831745?hash=item3b4b166e81:g:nHEAAOSw0c9fGYu5,7.99991E+11
"Samsung UN55H6203AFXZA Repair Parts Kit - BN94-07727D, BN44-00774A,¬†BN95-01131A",Pre-Owned,$185.00 ,Wat,0,https://www.ebay.com/itm/Samsung-UN55H6203AFXZA-Repair-Parts-Kit-BN94-07727D-BN44-00774A-BN95-01131A/173748313091?hash=item287434dc03:g:O-wAAOSwNqRcQitE,
Samsung BN44-00774A Dc Vss-pd Board,Brand New,$78.95 ,4.5,0,https://www.ebay.com/itm/Samsung-BN44-00774A-Dc-Vss-pd-Board/163889910969?epid=27034360625&hash=item26289994b9:g:0zIAAOSwC2ldlaT8,45900097613
"Samsung UN55J6200AFXZA Power Supply Board BN44-00774A, L55H1_ESM, PSLF141H06A",New (Other),$84.99 ,Wat,0,https://www.ebay.com/itm/Samsung-UN55J6200AFXZA-Power-Supply-Board-BN44-00774A-L55H1-ESM-PSLF141H06A/283342869485?_trkparms=ispr%3D1&hash=item41f88d13ed:g:tZsAAOSwlINcQPCY&enc=AQAFAAACYBaobrjLl8XobRIiIML1V4Imu%2Fn%2BzU5L90Z278x5ickk7PdDazAlGltMLJlUhrWsD%2BfEsIHu9BgOJhS4oWpFbU7d8h%2FuoH4XMQsRqK9hZ%2F0Fvl23qKR7CUETn0MzKIu%2FvMpBWJZw9EHw7nZWpn%2FV6JJugTGZocmjVAfzCJTjMFYIHfFMAJjJPHmx2qNES1WZY1e6b%2BDmVyKAy8pXwAawuONTlm4ukOL31AlwlnLKiyVcxwfTW9lkp7SsjkiLSSWXcSzxLIjD0KuDdUb6seO1EdgqTnzjPRr%2BRSia2wUESPKkHStc9Eat9adZyoJEHw0t9kHlKnWqVFBBHa6CkUNeobzMOG9sYFugRr6odFO27E%2FBhXSddMKBq1KuyMdBLin1Vx0yJ9AZamLk7l%2FQXlwmoIkg5IE%2FapL58GVK4imEozNIVbxVbFg5HkpMWaUfVE9ebAblHh39S%2F0HaQdDwkcIRkH34YcECaAvHnqlG9Zol3AWn9p3RAtycstNTwB%2F%2BjpeF1ntqvW9%2B2FpZ%2BR84%2FqTPsQRodqsPsv966vcsnO8MUDOIZJbAWE4%2BqjqTOpVlp9KgAQCuUIpiwSA7CtbTLehlrdJM4GYnCB9Tvpjl%2Fs1CPcXVTyCuM6DDCd%2FEC9Vs04K%2FzND3Z3WeFJC8y4b4Shrl0FY%2FFyZ5dbD0x2%2BexSxW8zg1UJLIqcLoSZs%2FWpkLcIVxcPNoS%2F9l6UklRBw6VPdJ7M%2FDhmeV0%2BcObavMjQPiWhlYzT%2BdsolxQRaHRzm3Fyl7fnH0oipZx%2BWBOb6Vw%2BwL6a6v04j7sESk31IvVz%2F9aB2&checksum=2833428694852fc0e881d93f4645b81ed5cb9d89852d,Does not apply
Samsung UN55J6200AF / UN55J620D Power Supply Board BN44-00774A ,Pre-Owned,,Wat,0,https://www.ebay.com/itm/Samsung-UN55J6200AF-UN55J620D-Power-Supply-Board-BN44-00774A/264686337988?hash=item3da088ffc4:g:yj0AAOSwsiBehMHn,
-Samsungs BN44-00774A Power Supply Board for UN55J6200AFXZA. UN55J620DAFXZA U...,New (Other),$94.98 ,Wat,0,https://www.ebay.com/itm/Samsungs-BN44-00774A-Power-Supply-Board-for-UN55J6200AFXZA-UN55J620DAFXZA-U/274493389761?epid=4039882028&hash=item3fe914bbc1:g:5xgAAOSwYMxfXg0x,8.27152E+11
Samsung UN55J6200AFXZA Power Supply Board BN44-00774A¬†,Pre-Owned,$45.00 ,Wat,0,https://www.ebay.com/itm/Samsung-UN55J6200AFXZA-Power-Supply-Board-BN44-00774A/353088205198?hash=item5235b2718e:g:q10AAOSwzUJexbPp,
SAMSUNG UN55J6201AF BOARD BN44-00774A / L55H1_ESM / PSLF141H06A.,Pre-Owned,$50.00 ,Wat,0,https://www.ebay.com/itm/SAMSUNG-UN55J6201AF-BOARD-BN44-00774A-L55H1-ESM-PSLF141H06A/174404866393?hash=item289b571159:g:kL8AAOSwAVNcwH0s,Does not apply
SAMSUNG UN55J6201AF BOARD BN44-00774A / PSLF141H06A.,Pre-Owned,$45.00 ,Wat,0,https://www.ebay.com/itm/SAMSUNG-UN55J6201AF-BOARD-BN44-00774A-PSLF141H06A/254386617722?hash=item3b3a9fbd7a:g:DIwAAOSwGLddoTJ5,Does not apply
SAMSUNG UN55J6201AF BOARD BN44-00774A.,Pre-Owned,$45.00 ,Wat,0,https://www.ebay.com/itm/SAMSUNG-UN55J6201AF-BOARD-BN44-00774A/254614639954?hash=item3b48371552:g:ZDUAAOSwIiVe1W3l,
SAMSUNG UN55J6201AF BOARD PSLF141H06A / BN44-00774A.,Pre-Owned,$45.00 ,Wat,0,https://www.ebay.com/itm/SAMSUNG-UN55J6201AF-BOARD-PSLF141H06A-BN44-00774A/254701866745?hash=item3b4d6a0ef9:g:S9AAAOSw4CFfSCpS,
SAMSUNG UN55J6201AF L55H1_ESM(BN44-00774A) POWER SUPPLY BOARD 6155,Pre-Owned,$79.99 ,Wat,0,https://www.ebay.com/itm/SAMSUNG-UN55J6201AF-L55H1-ESM-BN44-00774A-POWER-SUPPLY-BOARD-6155/223322530604?epid=1753436584&hash=item33ff0f632c:g:gekAAOSwtutcOjgS,Does not apply
SAMSUNG UN55J6201AF POWER BOARD L55H1_ESM(BN44-00774A),Pre-Owned,$50.00 ,Wat,0,https://www.ebay.com/itm/SAMSUNG-UN55J6201AF-POWER-BOARD-L55H1-ESM-BN44-00774A/264825894429?hash=item3da8da761d:g:K5oAAOSwN45fMdNB,
Samsung BN44-00774A Power Supply / LED Board,Brand New,$96.04 ,4.5,0,https://www.ebay.com/itm/Samsung-BN44-00774A-Power-Supply-LED-Board/274173805148?epid=27034360625&hash=item3fd608425c:g:NeUAAOSwI~5e8eQx,Does not apply
BN44-00774A POWER SUPPLY Board FOR UE55H6203AK UN55H6203AFXZA  and other model,New (Other),,Pre,0,https://www.ebay.com/itm/BN44-00774A-POWER-SUPPLY-Board-FOR-UE55H6203AK-UN55H6203AFXZA-and-other-model/133483154519?hash=item1f14374c57:g:UA8AAOSwTJ1fJ8vP,Does not apply
Samsung UN55J6201AFXZA (BN44 00774A) Power Supply PSLF141H06A ,Pre-Owned,$39.99 ,Wat,0,https://www.ebay.com/itm/Samsung-UN55J6201AFXZA-BN44-00774A-Power-Supply-PSLF141H06A/233691554611?epid=1753436584&hash=item36691a2333:g:mEwAAOSwDKdfRHIo,
Samsung UN55J6201AFXZA Complete Assy M/B BN94-09065X P/B BN44-00774A T-Con Bn96-,Pre-Owned,$75.00 ,Wat,0,https://www.ebay.com/itm/Samsung-UN55J6201AFXZA-Complete-Assy-M-B-BN94-09065X-P-B-BN44-00774A-T-Con-Bn96/303688139592?hash=item46b5394348:g:hRQAAOSwuwdfXTsy,
"Samsung UN55J6201AFXZA Power Supply Board BN44-00774A, L55H1_ESM",Pre-Owned,,Wat,0,https://www.ebay.com/itm/Samsung-UN55J6201AFXZA-Power-Supply-Board-BN44-00774A-L55H1-ESM/164312501396?hash=item2641c9cc94:g:D64AAOSwyKJfIXzl,
Samsung BN44-00774A | L55H1_ESM Power Supply Unit,New (Other),,Wat,0,https://www.ebay.com/itm/Samsung-BN44-00774A-L55H1-ESM-Power-Supply-Unit/253507700305?hash=item3b063c8651:g:Iq0AAOSwVoFasXb8,Does not apply
SAMSUNG UN55J620D UN55J6200 UN55H6203 POWER SUPPLY BN44-00774A ,Pre-Owned,$42.00 ,Wat,0,https://www.ebay.com/itm/SAMSUNG-UN55J620D-UN55J6200-UN55H6203-POWER-SUPPLY-BN44-00774A/333617999210?hash=item4dad2ead6a:g:TC8AAOSwcpJeuhGy,Does not apply
Samsung BN44-00807A Power Supply / LED Board,Pre-Owned,$49.00 ,5,0,https://www.ebay.com/itm/Samsung-BN44-00807A-Power-Supply-LED-Board/254289725548?epid=16007385101&hash=item3b34d9486c:g:JBQAAOSwnm1dHVQj,
Samsung BN44-00807A Power Supply / LED Board,Pre-Owned,$49.00 ,5,0,https://www.ebay.com/itm/Samsung-BN44-00807A-Power-Supply-LED-Board/254628453285?epid=16007385101&hash=item3b4909dba5:g:MZoAAOSwBGJexrDw,Does not apply
Samsung BN44-00807A Power Supply / LED Board,New (Other),$49.00 ,5,0,https://www.ebay.com/itm/Samsung-BN44-00807A-Power-Supply-LED-Board/363067021035?epid=16007385101&hash=item54887b16eb:g:Q0MAAOSwFVRfKUvr,7.88272E+11
Samsung BN44-00807A Power Supply / LED Board,Pre-Owned,$49.00 ,Wat,0,https://www.ebay.com/itm/Samsung-BN44-00807A-Power-Supply-LED-Board/263534047825?epid=0&_trkparms=ispr%3D1&hash=item3d5bda7251:g:cosAAOSwUMZanb6r&enc=AQAFAAACYBaobrjLl8XobRIiIML1V4Imu%2Fn%2BzU5L90Z278x5ickkXKoKcbeZcOrOku%2BoOBl%2BS9zVAo%2Bv1SIRzGdk2Rlu9TFrbdK5Gyxlhn7MQpoQTHugdeGHmruxv3HHs%2F7rMLkIlItz5OI7cPZRrXSF7AlHQMGJr%2BE3getXQU34WoRVXHTRdlIP%2FldmpK561z4bc32tzvGv%2FtJX9%2F2Nn56TLtkbHgjTYFZjmXaKh9LcgMim9P6TgnaLUVX48ARtRnzpMmFOWynznhQcK4hJoyJQV6GrNGUyo2irKbraffajcjMZx9FCYOeYDaW9q2lRFg2s%2BDT4%2BPdMgEUqfYcfioKpFIFkNw14t%2BB6M7QEKSSLu4YYbIZU7rw%2B7C6nqlOof%2BnnTOAo2kKOqq8%2F3rC5deoLUKclCQW3MI%2FwQ1MlHvpAMywrMv4aau%2BeOwTKvNJrDWKHkBZFXYmJmumO6fm%2Bv7IhbfwIxt7%2B0WE2xPw3Gl7UzRXX5puXswl9S%2F7Ng0wUJqe4VO9tfg%2BJe2GJjRbljORlkas%2F9YFqh6guPUotS6qXJJBajAI76lkbV7Bh3y5M6GUc9dQRlqJYPZeuqxQErZgFd2BHjJqih38W%2BXvhtA1XlehlxGsMwoWqIqTzr9SSKfqj9vzoV72ZlPj%2F4G3pOK5wSl9eqYeEADCYv9my8fdJWbuvMoF8cyKRyLWhKYjNpPrpFGNk28Zi8ZIl%2FqxrVVVYqkQtuaUDRt%2B4ULgo5XPML0Np7n2OeiaeTEbabdZEOHf8JCjHID2iHASQpKoSzCOtdcre9eolwSipMgEJWerGs6oM4tzJ&checksum=263534047825b34f755ebc7d4d8796c055589f5a9e55,Does not apply
"Samsung 55"" 48"" 50"" Power Supply BN44-00807A, BN44-00807E, BN44-00807D,BN44-008H",Brand New,$49.95 ,Wat,0,https://www.ebay.com/itm/Samsung-55-48-50-Power-Supply-BN44-00807A-BN44-00807E-BN44-00807D-BN44-008H/164156568044?hash=item26387e71ec:g:X6EAAOSw8LNd6ruO,Does Not Apply
Samsung BN44-00807A Power Supply / LED Board,New (Other),$49.95 ,5,0,https://www.ebay.com/itm/Samsung-BN44-00807A-Power-Supply-LED-Board/302493002863?epid=16007385101&hash=item466dfcec6f:g:8u0AAOSwh1pZ6oge,Does not apply
Samsung UN55KU630DF Power Supply Board BN44-00807A  ,New (Other),$49.95 ,5,0,https://www.ebay.com/itm/Samsung-UN55KU630DF-Power-Supply-Board-BN44-00807A/362689128023?epid=16007385101&hash=item5471f4e657:g:X2IAAOSwio1ZoJbA,Does not apply
SAMSUNG UN55KU650DFXZA New BN44-00807A Power Supply Board,Brand New,$49.99 ,Wat,0,https://www.ebay.com/itm/SAMSUNG-UN55KU650DFXZA-New-BN44-00807A-Power-Supply-Board/313141144317?hash=item48e8aaaafd:g:1CAAAOSwYvtfBh5A,Does not apply
SAMSUNG UN55MU6500FXZA New BN44-00807A Power Supply Board,Brand New,$49.99 ,Wat,0,https://www.ebay.com/itm/SAMSUNG-UN55MU6500FXZA-New-BN44-00807A-Power-Supply-Board/313135785377?hash=item48e858e5a1:g:10YAAOSw5nFe~5gb,Does not apply
 Samsung mdl. UN55JU650DFXZA- Power Supply- #bn44-00807A,Pre-Owned,$50.00 ,Wat,0,https://www.ebay.com/itm/Samsung-mdl-UN55JU650DFXZA-Power-Supply-bn44-00807A/401581324307?hash=item5d801cb813:g:b3kAAOSwfopbbLjg,Does not apply
"BN44-00807A Samsung PSupply, Lot of 5, UN50JU6500FXZA, UN55JU6700FXZA (10569)",Pre-Owned,$50.00 ,5,0,https://www.ebay.com/itm/BN44-00807A-Samsung-PSupply-Lot-of-5-UN50JU6500FXZA-UN55JU6700FXZA-10569/324007737697?epid=16007385101&hash=item4b705db961:g:-IMAAOSwmxVd7rVS,Does not apply
SAMSUNG BN44-00807A POWER SUPPLY ,Pre-Owned,$50.00 ,5,0,https://www.ebay.com/itm/SAMSUNG-BN44-00807A-POWER-SUPPLY/133092513756?epid=16007385101&hash=item1efcee97dc:g:xscAAOSwX6VdDjov,
"SAMSUNG L55S6 & Others, POWER SUPPLY BOARD # BN44-00807A,We ship FAST!",Pre-Owned,$50.00 ,5,0,https://www.ebay.com/itm/SAMSUNG-L55S6-Others-POWER-SUPPLY-BOARD-BN44-00807A-We-ship-FAST/233713674140?epid=16007385101&hash=item366a6ba79c:g:KB4AAOSwwt1fC7ra,
SAMSUNG MDL-UN55MU650DFXZA - POWER SUPPLY - BN44-00807A,Pre-Owned,$50.00 ,5,0,https://www.ebay.com/itm/SAMSUNG-MDL-UN55MU650DFXZA-POWER-SUPPLY-BN44-00807A/401587030646?epid=16007385101&hash=item5d8073ca76:g:pMgAAOSwXIhbfcrJ,Does not apply
Samsung Power Board BN44-00807A from UA49KU6300KXXS,Pre-Owned,$50.00 ,Wat,0,https://www.ebay.com/itm/Samsung-Power-Board-BN44-00807A-from-UA49KU6300KXXS/143387755146?hash=item216293828a:g:M8YAAOSwqfNdg6Fp,
"Samsung Power Supply Board,UN55JU6500,BN44-00807A (L55S6_FHS)",Pre-Owned,$50.00 ,Wat,0,https://www.ebay.com/itm/Samsung-Power-Supply-Board-UN55JU6500-BN44-00807A-L55S6-FHS/363051933345?hash=item548794dea1:g:5nAAAOSwN41fE81E,
Samsung UE50MU6172UX Power supply board BN44-00807A,Pre-Owned,$50.00 ,Wat,0,https://www.ebay.com/itm/Samsung-UE50MU6172UX-Power-supply-board-BN44-00807A/173855187534?hash=item287a93a24e:g:pssAAOSw2ptb2Fdt,Does not apply
SAMSUNG UN55JU6700F BOARD BN44-00807A.,Pre-Owned,$50.00 ,Wat,0,https://www.ebay.com/itm/SAMSUNG-UN55JU6700F-BOARD-BN44-00807A/174160965610?hash=item288ccd6fea:g:n9wAAOSwctxeI4MM,Does not apply
SAMSUNG UN55MU6300F BOARD BN44-00807A.,Pre-Owned,$50.00 ,Wat,0,https://www.ebay.com/itm/SAMSUNG-UN55MU6300F-BOARD-BN44-00807A/254182014199?hash=item3b2e6dbcf7:g:tYEAAOSwic5bLExG,Does not apply
"SAMSUNG UN55NU7300FXZA Power Supply Board BN44-00807A, new!!",New (Other),$50.00 ,5,0,https://www.ebay.com/itm/SAMSUNG-UN55NU7300FXZA-Power-Supply-Board-BN44-00807A-new/143269681243?epid=16007385101&hash=item215b89d85b:g:Bk0AAOSwRl1c60mx,Does not apply
UN55MU6490FXZA Samsung POWER SUPPLY BN44-00807A ,Pre-Owned,$50.00 ,Wat,0,https://www.ebay.com/itm/UN55MU6490FXZA-Samsung-POWER-SUPPLY-BN44-00807A/193589826544?hash=item2d12da53f0:g:higAAOSwOZZfGHwt,Does not apply
BN44-00807A Samsung power supply for UN60H6350A,New (Other),$50.16 ,5,0,https://www.ebay.com/itm/BN44-00807A-Samsung-power-supply-for-UN60H6350A/223519969360?epid=16007385101&hash=item340ad41050:g:bmgAAOSwZ4Rc3sbZ,Does not apply
BROKE CORNER Samsung UN50JU6500FXZA UN55JU6700FXZA Power Supply BN44-00807A,Pre-Owned,$54.95 ,5,0,https://www.ebay.com/itm/BROKE-CORNER-Samsung-UN50JU6500FXZA-UN55JU6700FXZA-Power-Supply-BN44-00807A/143357880525?epid=16007385101&hash=item2160cba8cd:g:30IAAOSwSVRdVwKG,
Samsung  Power Supply Board BN44-00807A,New (Other),$55.00 ,Wat,0,https://www.ebay.com/itm/Samsung-Power-Supply-Board-BN44-00807A/164223010983?hash=item263c7448a7:g:HskAAOSwv2le0BuZ,Does not apply
UN55KU650DFXZA Power VERSION FA01 BN44-00807a,Pre-Owned,$55.00 ,Wat,0,https://www.ebay.com/itm/UN55KU650DFXZA-Power-VERSION-FA01-BN44-00807a/333551505544?hash=item4da9381088:g:h3MAAOSwnSBec4WV,Does not apply
Samsung Power Supply Board BN44-00807A L55S6_FHS Rev:1.1,Pre-Owned,$57.00 ,Wat,0,https://www.ebay.com/itm/Samsung-Power-Supply-Board-BN44-00807A-L55S6-FHS-Rev-1-1/353088201971?hash=item5235b264f3:g:QBgAAOSw3PpexcHj,
LOT OF 4 SAMSUNG P/N: L55S6 FHS BN44-00807A Power Supply Board ,Pre-Owned,$59.92 ,5,0,https://www.ebay.com/itm/LOT-OF-4-SAMSUNG-P-N-L55S6-FHS-BN44-00807A-Power-Supply-Board/401459103636?epid=16007385101&hash=item5d78d3c794:g:Jv0AAOSwPzhaL-eH,Does not apply
PSU Power Supply Unit Board L55S6_FHS BN44-00807A from TV Samsung UN55MU6490F,Pre-Owned,$59.99 ,Wat,0,https://www.ebay.com/itm/PSU-Power-Supply-Unit-Board-L55S6-FHS-BN44-00807A-from-TV-Samsung-UN55MU6490F/383699371582?hash=item595643c63e:g:AEQAAOSwqn1fDLuj,
Samsung UN55KU6290FXZC/UN55KU6490FXZC Power Supply Board L55S6_FHS BN44-00807A,New (Other),$59.99 ,Wat,0,https://www.ebay.com/itm/Samsung-UN55KU6290FXZC-UN55KU6490FXZC-Power-Supply-Board-L55S6-FHS-BN44-00807A/283212559983?hash=item41f0c8b66f:g:S4QAAOSwtbxbxO-M,Does not apply
Samsung BN44-00807A Power Supply Board TV Model: UN55MU6500F,Pre-Owned,$60.00 ,5,0,https://www.ebay.com/itm/Samsung-BN44-00807A-Power-Supply-Board-TV-Model-UN55MU6500F/123890320358?epid=16007385101&hash=item1cd87043e6:g:lDYAAOSwpS9dZyuZ,
Samsung UN50MU6300F - Power Board - BN44-00807A,Pre-Owned,$60.00 ,Wat,0,https://www.ebay.com/itm/Samsung-UN50MU6300F-Power-Board-BN44-00807A/193589849627?hash=item2d12daae1b:g:FH0AAOSwH6dfGICU,
SAMSUNG UN55JU6700FXZA TV POWER SUPPLY BOARD BN44-00807A / L55S6 FHS,Pre-Owned,$60.00 ,Wat,0,https://www.ebay.com/itm/SAMSUNG-UN55JU6700FXZA-TV-POWER-SUPPLY-BOARD-BN44-00807A-L55S6-FHS/372115298059?hash=item56a3ccd70b:g:PCEAAOSwQQla6iGi,Does not apply
Samsung BN44-00807A Power Supply / LED Board,Brand New,$61.22 ,5,0,https://www.ebay.com/itm/Samsung-BN44-00807A-Power-Supply-LED-Board/274343291627?epid=16007385101&hash=item3fe0226aeb:g:nTYAAOSwJF5fH~gJ,8.809E+11
Samsung BN44-00807A Power Supply / LED Board,Pre-Owned,$62.95 ,5,0,https://www.ebay.com/itm/Samsung-BN44-00807A-Power-Supply-LED-Board/252536742929?epid=16007385101&hash=item3acc5ce411:g:2GwAAOSwxg5X1uwp,Does not apply
"SAMSUNG 55"" UN55MU6300FXZA POWER SUPPLY BOARD UNIT BN44-00807A POWER BOARD ",Pre-Owned,$65.00 ,5,0,https://www.ebay.com/itm/SAMSUNG-55-UN55MU6300FXZA-POWER-SUPPLY-BOARD-UNIT-BN44-00807A-POWER-BOARD/324130123215?epid=12015025681&hash=item4b77a92dcf:g:68sAAOSwqNdejj0e,
SAMSUNG UN55MU6290F BOARD BN44-00807A.,Pre-Owned,$65.00 ,Wat,0,https://www.ebay.com/itm/SAMSUNG-UN55MU6290F-BOARD-BN44-00807A/173855357634?hash=item287a963ac2:g:F7UAAOSwcDdcS61z,Does not apply
Samsung UN55JU6700FXZA Power Supply-BN44-00807A,Pre-Owned,$65.99 ,5,0,https://www.ebay.com/itm/Samsung-UN55JU6700FXZA-Power-Supply-BN44-00807A/322799737308?epid=16007385101&hash=item4b285d19dc:g:-JkAAOSwe2FZ0qP~,Does not apply
"BN44-00807A, UN55JU670DFXZA Samsung Power Supply board",Brand New,$69.00 ,Wat,0,https://www.ebay.com/itm/BN44-00807A-UN55JU670DFXZA-Samsung-Power-Supply-board/264666468299?hash=item3d9f59cfcb:g:SbEAAOSwp6RebEIk,
UN55MU6500FXZA REPAIR KIT BN94-11706A  BN44-00807A (SEE PICTURES PLEASE),New (Other),$70.00 ,Wat,0,https://www.ebay.com/itm/UN55MU6500FXZA-REPAIR-KIT-BN94-11706A-BN44-00807A-SEE-PICTURES-PLEASE/264629186251?hash=item3d9d20eecb:g:OJcAAOSw-E5eQLIU,
"SAMSUNG 50"" UN55MU6500 POWER SUPPLY UNIT BN44-00807A POWER BOARD ",Pre-Owned,$75.00 ,5,0,https://www.ebay.com/itm/SAMSUNG-50-UN55MU6500-POWER-SUPPLY-UNIT-BN44-00807A-POWER-BOARD/323972870366?epid=16007385101&hash=item4b6e49b0de:g:gDwAAOSwSdZaPFCY,
Samsung BN44-00807A Power Supply / LED Board,Brand New,$75.10 ,5,0,https://www.ebay.com/itm/Samsung-BN44-00807A-Power-Supply-LED-Board/274343290583?epid=16007385101&hash=item3fe02266d7:g:Hj8AAOSwmWdenq7R,Does not apply
SAMSUNG UN55JU6700FXZA POWER MAIN T-CON RIBBONS BN94-10057C BN44-00807A,Parts Only,$79.90 ,Wat,0,https://www.ebay.com/itm/SAMSUNG-UN55JU6700FXZA-POWER-MAIN-T-CON-RIBBONS-BN94-10057C-BN44-00807A/133338999393?hash=item1f0b9faa61:g:fQEAAOSwlCBbeys6,
SAMSUNG Genuine OEM BN44-00807A L55S6_FHS POWER SUPPLY BOARD UN55JU6700FXZA,New (Other),$79.95 ,Wat,0,https://www.ebay.com/itm/SAMSUNG-Genuine-OEM-BN44-00807A-L55S6-FHS-POWER-SUPPLY-BOARD-UN55JU6700FXZA/283818795238?epid=0&hash=item4214eb20e6:g:mjwAAOSwZ41ecaVS,Does Not Apply
Samsung BN44-00807A Power Supply,Pre-Owned,$79.99 ,5,0,https://www.ebay.com/itm/Samsung-BN44-00807A-Power-Supply/264005467195?epid=872889411&_trkparms=ispr%3D1&hash=item3d77f3bc3b:g:HxsAAOSwSlZb0RB9&enc=AQAFAAACYBaobrjLl8XobRIiIML1V4Imu%2Fn%2BzU5L90Z278x5ickkXKoKcbeZcOrOku%2BoOBl%2BS7lSfNFV6X0m1huDCU8jduBdfzIsY95V0bHLytEedg5OhpH2%2FuoTdRZdxLlfz2Tcn2NpqdyADE7scJS%2B9gL3hk5fHkjqSaMFBXjcVdM96BJIk5FffN%2FzOkqJM%2BWLhTCT6%2F2HUb8TLyWf%2BUHzMnZ2VJpz7AOwHj%2BBW8Cb6W214xUkSl%2FmNzrhENYue7S0w%2FKVsfev4dAZg44QJCuAX5EPtpWnI3bIDKBii83T6uqUBi0g5PXhUXsXjQs7YYceF1OEZTAuEkrYn%2FIpKZ2Ucy2lBbTtapGEYhDZpl3MlAzE31RwLk7n%2FnxD8LaoLU5a3YC1Ts%2FXkq6nI4RnEuO6egplBfrLhhk1JPu56lLw8XWI0akGghoGQnWOe4lC9JSIYluiE%2Fj0iBKeLF7XPH0kW8LgUbSjCWw%2BnvJqWPVRyYNWvDS2xWVOR%2BUOECQk%2FRPYJg50JjJ1dF3T5gl4JaeCGC5%2BmBEOypaV0tw%2BTFVasJ3%2BK7ig2nBYyKyfQBCz9Fw6VW%2B8hI77hsJa43lV%2BDEc2kOn8zJu3aLjo2kDq2G32zSj3p%2FqxEdBUBhgs8TH5ku6XhnBxuG7Ql0cQoFSmgMWkl%2BUWFnE%2FlInFAg1tCtnjLkq09ZNdnVvqDvrfnyXCR52qrWir1je6Ekhda3XL%2BAJf9Og8L80xTem31J9eGUUJo830mbvCGJ9CJQhvnqiXrkyei1zAgIWm20RxUUK8p12nEJFiZBTYOlLOL2C%2FEcx3SihYh93&checksum=264005467195b34f755ebc7d4d8796c055589f5a9e55,Does not apply
SAMSUNG UN50MU6300F L55S6_FHS BN44-00807A POWER SUPPLY BOARD 6272,Pre-Owned,$79.99 ,Wat,0,https://www.ebay.com/itm/SAMSUNG-UN50MU6300F-L55S6-FHS-BN44-00807A-POWER-SUPPLY-BOARD-6272/223322530504?hash=item33ff0f62c8:g:LMkAAOSwwTFcOjgC,Does not apply
SAMSUNG UN55MU6290F L55S6_FHS BN44-00807A POWER SUPPLY BOARD 6208,Pre-Owned,$79.99 ,Wat,0,https://www.ebay.com/itm/SAMSUNG-UN55MU6290F-L55S6-FHS-BN44-00807A-POWER-SUPPLY-BOARD-6208/223322530564?hash=item33ff0f6304:g:KZwAAOSwg5FcOjgD,Does not apply
SAMSUNGE UN55MU6490F L55S6_FHS BN44-00807A POWER SUPPLY BOARD 6046,Pre-Owned,$79.99 ,Wat,0,https://www.ebay.com/itm/SAMSUNGE-UN55MU6490F-L55S6-FHS-BN44-00807A-POWER-SUPPLY-BOARD-6046/323601196924?hash=item4b5822677c:g:qkoAAOSwWI5cFUZL,Does not apply
UN55KU6290F BN44-00807A L55S6_FHS POWER SUPPLY FOR SAMDUNG 7257,New (Other),$79.99 ,Wat,0,https://www.ebay.com/itm/UN55KU6290F-BN44-00807A-L55S6-FHS-POWER-SUPPLY-FOR-SAMDUNG-7257/324096464118?hash=item4b75a794f6:g:Zt0AAOSwkMNeY~2R,7.17058E+11
UN55KU6500 BN44-00807A L55S6_FHS POWER SUPPLY FOR SAMSUNG 7264,New (Other),$79.99 ,5,0,https://www.ebay.com/itm/UN55KU6500-BN44-00807A-L55S6-FHS-POWER-SUPPLY-FOR-SAMSUNG-7264/324096464195?epid=16007385101&hash=item4b75a79543:g:sjwAAOSwWG5eY~2V,7.17058E+11
"SAMSUNG UN50MU6070FXZA,UN55JU670DFXZA,UN49MU6500F, POWER SUPPLY # BN44-00807A,",New (Other),$80.99 ,5,0,https://www.ebay.com/itm/SAMSUNG-UN50MU6070FXZA-UN55JU670DFXZA-UN49MU6500F-POWER-SUPPLY-BN44-00807A/232741383830?epid=16007385101&hash=item363077ae96:g:UqQAAOSwPWZa2orn,
SAMSUNG UN55MU6300 REPAIR KIT BN94-12037A / BN44-00807A  (SEE DESCRIPTION),Brand New,$85.00 ,Wat,0,https://www.ebay.com/itm/SAMSUNG-UN55MU6300-REPAIR-KIT-BN94-12037A-BN44-00807A-SEE-DESCRIPTION/264242066342?hash=item3d860df3a6:g:ZGgAAOSwRsxcNtRW,Does not apply
Samsung BN44-00807A Power Supply,Pre-Owned,$99.00 ,5,0,https://www.ebay.com/itm/Samsung-BN44-00807A-Power-Supply/292189197465?epid=16007385101&hash=item4407d55499:g:bIgAAOSwcrxZcCGi,Does not apply
SAMSUNG UN55JU670DF L55S6_FHS BN44-00807A POWER SUPPLY 4642,New (Other),$109.99 ,Wat,0,https://www.ebay.com/itm/SAMSUNG-UN55JU670DF-L55S6-FHS-BN44-00807A-POWER-SUPPLY-4642/222518359685?hash=item33cf20b685:g:Kw4AAOSwn-tZIKVP,Does not apply
Samsung UN49KU6500FXZA Ver. FA01 Power BN44-00807A and Main Board BN94-10826B ,Pre-Owned,$110.00 ,Wat,0,https://www.ebay.com/itm/Samsung-UN49KU6500FXZA-Ver-FA01-Power-BN44-00807A-and-Main-Board-BN94-10826B/123291690726?hash=item1cb4c1e6e6:g:L1cAAOSwE0JbZjFc,
SAMSUNG UN55KU6490FXZC   MAIN BOARD BN97-10983B + P.SUPPLY BN44-00807A + WIFI ,Pre-Owned,$125.00 ,Wat,0,https://www.ebay.com/itm/SAMSUNG-UN55KU6490FXZC-MAIN-BOARD-BN97-10983B-P-SUPPLY-BN44-00807A-WIFI/263119114579?hash=item3d431f1153:g:LPYAAOSwNFVZgOGZ,
Samsung BN44-00807A Dc Vss-pd Board,Brand New,$125.95 ,5,0,https://www.ebay.com/itm/Samsung-BN44-00807A-Dc-Vss-pd-Board/163927441079?epid=872889411&hash=item262ad63eb7:g:zt0AAOSwkYldvSom,45900193216
Samsung UN55JU6500F 4K LED TV L55S6_FHS Power Supply Board- BN44-00807A,Pre-Owned,$129.99 ,Wat,0,https://www.ebay.com/itm/Samsung-UN55JU6500F-4K-LED-TV-L55S6-FHS-Power-Supply-Board-BN44-00807A/322474561998?epid=2255931336&hash=item4b14fb51ce:g:fSEAAOSwu2tceD2J,6.40747E+11
Samsung UN55JU6700FXZA 4K LED TV L55S6_FHS Power Supply Board- BN44-00807A,Pre-Owned,$129.99 ,5,0,https://www.ebay.com/itm/Samsung-UN55JU6700FXZA-4K-LED-TV-L55S6-FHS-Power-Supply-Board-BN44-00807A/322799760176?epid=16007385101&hash=item4b285d7330:g:Ly8AAOSwM~deFfC9,Does not apply
SAMSUNG UN55MU6490F L55H1_ESM(BN44-00774A) PH3V012477 POWER SUPPLY BOARD 6278,Pre-Owned,$79.99 ,Wat,0,https://www.ebay.com/itm/SAMSUNG-UN55MU6490F-L55H1-ESM-BN44-00774A-PH3V012477-POWER-SUPPLY-BOARD-6278/223322530590?epid=1753436584&hash=item33ff0f631e:g:P2AAAOSwYTtcOjgE,Does not apply
SAMSUNG UN55MU6300FXZC  VER FA01 BN94-12037A BN97-12961A + BN44-00807A + WIFI,Pre-Owned,$135.00 ,Wat,0,https://www.ebay.com/itm/SAMSUNG-UN55MU6300FXZC-VER-FA01-BN94-12037A-BN97-12961A-BN44-00807A-WIFI/263118362351?hash=item3d431396ef:g:5DoAAOSwk6pZgF9g,
SAMSUNG UN55KU6500F BN44-00807A L55S6_FHS POWER SUPPLY 4006,New (Other),$139.99 ,Wat,0,https://www.ebay.com/itm/SAMSUNG-UN55KU6500F-BN44-00807A-L55S6-FHS-POWER-SUPPLY-4006/322264928770?hash=item4b087c9202:g:S3MAAOSw4shX3YDr,Does not apply
BN44-00807A,Pre-Owned,,Wat,0,https://www.ebay.com/itm/BN44-00807A/324291421217?hash=item4b81466421:g:MgwAAOSwADZfWq51,
BN44-00807A,Pre-Owned,,Wat,0,https://www.ebay.com/itm/BN44-00807A/224152509066?hash=item343087da8a:g:3TcAAOSwhj9fWpqN,
BN44-00807A Samsung UE49KU6100K Power Supply and Main board BN97-109,Pre-Owned,,Tim,0,https://www.ebay.com/itm/BN44-00807A-Samsung-UE49KU6100K-Power-Supply-and-Main-board-BN97-109/324290437173?hash=item4b81376035:g:l4wAAOSwxCRe9RE6,
GENUINE Samsung UA50JU6400 Power Supply Board - BN44-00807A L55S6_FHS,Pre-Owned,,Pre,0,https://www.ebay.com/itm/GENUINE-Samsung-UA50JU6400-Power-Supply-Board-BN44-00807A-L55S6-FHS/313152668043?hash=item48e95a818b:g:3AAAAOSwBHlfE6dJ,
POWER BOARD FOR SAMSUNG UN55MU6490FXZC BN44-00807A TV,Pre-Owned,,Wat,0,https://www.ebay.com/itm/POWER-BOARD-FOR-SAMSUNG-UN55MU6490FXZC-BN44-00807A-TV/133069234450?hash=item1efb8b6112:g:wxgAAOSwRb9c8Hy0,Does not apply
SAMSUNG  UN55MU6300F   POWER SUPPLY  BN44-00807A  L55S6_FHS   BRAND NEW!,Pre-Owned,,Wat,0,https://www.ebay.com/itm/SAMSUNG-UN55MU6300F-POWER-SUPPLY-BN44-00807A-L55S6-FHS-BRAND-NEW/264212842015?hash=item3d8450061f:g:ZfYAAOSw02FccyLW,Non applicable
Samsung BN44-00807A Power Supply / LED Board ,New (Other),,Wat,0,https://www.ebay.com/itm/Samsung-BN44-00807A-Power-Supply-LED-Board/132433759763?hash=item1ed5aace13:g:L~MAAOSwc2FaMZTW,Does not apply
Samsung BN44-00807A Power Supply / LED Board ,New (Other),,5,0,https://www.ebay.com/itm/Samsung-BN44-00807A-Power-Supply-LED-Board/263373090470?epid=691134110&hash=item3d52426ea6:g:qCoAAOSwrFtaKY-2,Does not apply
SAMSUNG BN44-00807A POWER SUPPLY BOARD,Pre-Owned,,Wat,0,https://www.ebay.com/itm/SAMSUNG-BN44-00807A-POWER-SUPPLY-BOARD/333375783804?epid=2128231059&hash=item4d9ebec37c:g:icEAAOSwVSpdtEOc,
SAMSUNGE UN55J6200AF L55H1_ESM BN44-00774A Power Supply 6481,Pre-Owned,$55.20 ,Pre,0,https://www.ebay.com/itm/SAMSUNGE-UN55J6200AF-L55H1-ESM-BN44-00774A-Power-Supply-6481/274173848214?hash=item3fd608ea96:g:WC8AAOSwIJNePdb1,7.17058E+11
SAMSUNG BN44-00807A POWER SUPPLY BOARD,New (Other),,Wat,0,https://www.ebay.com/itm/SAMSUNG-BN44-00807A-POWER-SUPPLY-BOARD/113899928988?epid=2128231059&hash=item1a84f6fd9c:g:E~MAAOSwRD5diRyl,Does not apply
SAMSUNG POWER SUPPLY BOARD L55S6_FHS BN44-00807A (LOOK DESC.) A3443,Pre-Owned,,Wat,0,https://www.ebay.com/itm/SAMSUNG-POWER-SUPPLY-BOARD-L55S6-FHS-BN44-00807A-LOOK-DESC-A3443/224140038395?hash=item342fc990fb:g:VcgAAOSwMHpfTUdP,Does not apply
SAMSUNG TV UN55JU650DF POWER BOARD BN44-00807A,Pre-Owned,,Wat,0,https://www.ebay.com/itm/SAMSUNG-TV-UN55JU650DF-POWER-BOARD-BN44-00807A/114151544389?hash=item1a93f65645:g:~BsAAOSw9rJecENX,Does not apply
Samsung BN44-00774A Power Supply / LED Board,New (Other),,Wat,0,https://www.ebay.com/itm/Samsung-BN44-00774A-Power-Supply-LED-Board/132433773543?hash=item1ed5ab03e7:g:VTYAAOSwTmtaMZmk,Does not apply
TEKBYUS BN44-00774A Power Supply Board,Pre-Owned,$55.20 ,Pre,0,https://www.ebay.com/itm/TEKBYUS-BN44-00774A-Power-Supply-Board/274273182041?hash=item3fdbf4a159:g:j0oAAOSwnxxePdZ2,6.8925E+11
Trimmer Head Spring / Ryobi 791-610317 B,Brand New,$24.16 ,Wat,0,https://www.ebay.com/itm/Trimmer-Head-Spring-Ryobi-791-610317-B/272687037170?hash=item3f7d69faf2:g:3TQAAOSwmFdez82u,23899345625
UN55J6201AF Samsung Tv Repair Kit BN95-44735A BN59-01174A BN96-23838A,Pre-Owned,$29.99 ,Wat,0,https://www.ebay.com/itm/UN55J6201AF-Samsung-Tv-Repair-Kit-BN95-44735A-BN59-01174A-BN96-23838A/114146622700?_trkparms=ispr%3D1&hash=item1a93ab3cec:g:b5cAAOSwgwReaWfn&enc=AQAFAAACYBaobrjLl8XobRIiIML1V4Imu%2Fn%2BzU5L90Z278x5ickkAgU0umhwUTmgTFbE5cu7zRTwUNE1flZsDOSd%2BYO3FB%2FejdKg%2BkS%2FoGm9tscmKr2vDxbk7gJTUyKlJsPwGw%2FpJmVF5Iydko4Z8eO8NWa858To4no1SQJ8AvL9lN5r1p1ahUbGqlUDSJ3mBvxqJF63LiVPQ5UWqVXg%2FWDUm56q2iSSiaVvYAwP1gRRHP%2B3WkLaRCwrbUGse4VhwaSJz6jk0mjQoi6QdLsEMzh0NK3ytZGxMfyqC3P1cH544QhDNvhsmbkyTfPv89mAlwO5pDIj9SK2vU8Of3WTbT%2FtEO0PTY%2FurQBsr10ytRUYcGuEUD7eQ9kqI07%2FmVSBBkOnAR9YlQGj0fuGf8Emj9hBvWS3hNavhRADOy%2FwtpnOezZ2XSp2Es9gye7Ep2LByW7KITDGq4zo%2BIuRfB%2BKQUrpqAz%2FLDQ2k%2FE%2BP4YEap%2FgkQROW5RdTFeuOMlsWXSJleYFruym%2FvvhypogzDPwxWMlCg4hmLCQftyNXjZ608CuAuq33TGFjYwwaa3RTcYErO7M4Zkoj7vdrpUoKNXomvLyaHPJ36mxVMrZwDXjJ85IRE1SGRwjmGsT2OtA3uICKz59VhFH%2FFGwuuXFGGnsdIagzrNr5ffUIFOury7BF%2BBBhwXpF1rf4uQJXB%2F9euhYWZmCeRnyZPGRzP7EkpHZyr0ZEMXIbjE7IN%2FybOQ0xNj1pfF%2BURnW%2FIemrISq0nVxe1df%2BaNUCPDLyYC2Ffl01q7ToNzthwOhlFLQMqZr9UKbk%2Bfi%2FC6C&checksum=1141466227002fc0e881d93f4645b81ed5cb9d89852d,
SAMSUNG TV UN55JU650DF POWER BOARD BN44-00807A,Pre-Owned,,Wat,0,https://www.ebay.com/itm/SAMSUNG-TV-UN55JU650DF-POWER-BOARD-BN44-00807A/353008554824?hash=item5230f31348:g:H7AAAOSwMQ5ecEKw,Does not apply
Samsung TV UN55KU6490F Power Supply Board BN44-00807A,Pre-Owned,,Wat,0,https://www.ebay.com/itm/Samsung-TV-UN55KU6490F-Power-Supply-Board-BN44-00807A/154086719565?epid=2128231059&hash=item23e048c04d:g:-9UAAOSwAyNfXxC-,
SAMSUNG UA55JU6400 UA55KU6000 UA55MU6100 POWER BOARD BN44-00807A,Pre-Owned,,Wat,0,https://www.ebay.com/itm/SAMSUNG-UA55JU6400-UA55KU6000-UA55MU6100-POWER-BOARD-BN44-00807A/313218401754?hash=item48ed4585da:g:RhEAAOSwMIhfX25i,
SAMSUNG UN48JU6800 UN50JU6500 UN55JU6500 POWER SUPPLY BN44-00807A UN55KU6290 &++,New (Other),,5,0,https://www.ebay.com/itm/SAMSUNG-UN48JU6800-UN50JU6500-UN55JU6500-POWER-SUPPLY-BN44-00807A-UN55KU6290/273968060072?epid=691134110&hash=item3fc9c4d6a8:g:R2kAAOSwMa9dVbkd,Does not apply
SAMSUNG UN55JU6700 UN55JU6500 Power Supply Board BN44-00807A  /  BN44-00807E,Pre-Owned,,Wat,0,https://www.ebay.com/itm/SAMSUNG-UN55JU6700-UN55JU6500-Power-Supply-Board-BN44-00807A-BN44-00807E/264595903352?hash=item3d9b251378:g:4c0AAOSwPpJeGjiS,
SAMSUNG UN55KU6290 UN55MU6300 POWER SUPPLY BN44-00807A,Pre-Owned,,Wat,0,https://www.ebay.com/itm/SAMSUNG-UN55KU6290-UN55MU6300-POWER-SUPPLY-BN44-00807A/263488437034?hash=item3d59227b2a:g:Z2MAAOSwaC9afl5M,
used non working defective Samsung TV LED LCD BN44-00774A Power Supply Board,Parts Only,$15.99 ,4.5,0,https://www.ebay.com/itm/used-non-working-defective-Samsung-TV-LED-LCD-BN44-00774A-Power-Supply-Board/114308242071?epid=27034360625&hash=item1a9d4d5a97:g:vbwAAOSwOPVeyI9z,6.46437E+11
SAMSUNG UN55MU6290F POWER SUPPLY BOARD L55S6_FHS BN44-00807A (LOOK DESC.) A3342,New (Other),,Wat,0,https://www.ebay.com/itm/SAMSUNG-UN55MU6290F-POWER-SUPPLY-BOARD-L55S6-FHS-BN44-00807A-LOOK-DESC-A3342/153194614605?hash=item23ab1c4f4d:g:Au0AAOSwDkBbqmHr,Does not apply
SAMSUNG UN55MU6290F POWER SUPPLY BOARD L55S6_FHS BN44-00807A (LOOK DESC.) A3443,New (Other),,Wat,0,https://www.ebay.com/itm/SAMSUNG-UN55MU6290F-POWER-SUPPLY-BOARD-L55S6-FHS-BN44-00807A-LOOK-DESC-A3443/153194619282?hash=item23ab1c6192:g:tdAAAOSwdU9bqmL~,Does not apply
Waves Parts Genuine OEM UN55H6203 Power Supply BN44-00774A,Pre-Owned,$69.00 ,4.5,0,https://www.ebay.com/itm/Waves-Parts-Genuine-OEM-UN55H6203-Power-Supply-BN44-00774A/274202415329?epid=27034360625&hash=item3fd7bcd0e1:g:z-sAAOSwRg9ePdgv,6.46437E+11
Westsell PSLF141H06A BN44-00774A BN44 00774A,Pre-Owned,$47.20 ,Pre,0,https://www.ebay.com/itm/Westsell-PSLF141H06A-BN44-00774A-BN44-00774A/274173866972?hash=item3fd60933dc:g:NHQAAOSwYpxePdhh,Does not apply
